plot_sequence_number,inventory_year,survey_unit,country,plot_number,tree_number,diametr,height,log_height,log_diametr
816545944290487,2022,2,5,204,1,7.4,38.0,3.6375861597263857,2.0014800002101243
816545944290487,2022,2,5,204,3,7.5,40.0,3.6888794541139363,2.0149030205422647
816545944290487,2022,2,5,204,4,11.3,42.0,3.7376696182833684,2.424802725718295
816545944290487,2022,2,5,204,5,12.7,60.0,4.0943445622221,2.5416019934645457
816545944290487,2022,2,5,204,7,11.9,61.0,4.110873864173311,2.4765384001174837
816545944290487,2022,2,5,204,8,17.7,63.0,4.143134726391533,2.8735646395797834
816545944290487,2022,2,5,204,9,17.1,62.0,4.127134385045092,2.8390784635086144
816545944290487,2022,2,5,204,10,9.8,51.0,3.9318256327243257,2.2823823856765264
816545944290487,2022,2,5,204,11,9.6,50.0,3.912023005428146,2.2617630984737906
816545944290487,2022,2,5,204,12,6.6,40.0,3.6888794541139363,1.8870696490323797
816545944290487,2022,2,5,204,13,6.7,28.0,3.332204510175204,1.9021075263969205
816545944290487,2022,2,5,204,18,5.2,42.0,3.7376696182833684,1.6486586255873816
816545944290487,2022,2,5,204,19,6.3,31.0,3.4339872044851463,1.840549633397487
55963314010538,2004,2,5,228,4,7.4,39.0,3.6635616461296463,2.0014800002101243
55963314010538,2004,2,5,228,6,5.6,33.0,3.4965075614664802,1.7227665977411035
1192967888290487,2023,2,5,470,1,2.4,25.0,3.2188758248682006,0.8754687373538999
1192967888290487,2023,2,5,470,2,3.7,24.0,3.1780538303479458,1.308332819650179
1192967888290487,2023,2,5,470,6,12.0,64.0,4.1588830833596715,2.4849066497880004
1192967888290487,2023,2,5,470,7,10.7,60.0,4.0943445622221,2.3702437414678603
1192967888290487,2023,2,5,470,8,6.2,46.0,3.828641396489095,1.824549292051046
1192967888290487,2023,2,5,470,13,1.2,9.0,2.1972245773362196,0.1823215567939546
1192967888290487,2023,2,5,470,14,5.1,35.0,3.5553480614894135,1.62924053973028
1287180367290487,2024,2,5,509,2,6.3,38.0,3.6375861597263857,1.840549633397487
122567250010661,2007,2,5,509,7,8.2,53.0,3.970291913552122,2.1041341542702074
1287180367290487,2024,2,5,509,8,2.6,19.0,2.9444389791664403,0.9555114450274363
73613645010538,2006,2,5,512,1,7.7,25.0,3.2188758248682006,2.0412203288596382
73613645010538,2006,2,5,512,2,8.0,79.0,4.3694478524670215,2.0794415416798357
73613645010538,2006,2,5,512,5,7.0,38.0,3.6375861597263857,1.9459101490553132
73613645010538,2006,2,5,512,6,9.7,35.0,3.5553480614894135,2.272125885509337
306275619489998,2016,2,5,512,14,8.4,33.0,3.4965075614664802,2.128231705849268
1192967887290487,2023,2,5,512,16,6.7,42.0,3.7376696182833684,1.9021075263969205
306275619489998,2016,2,5,512,17,8.8,48.0,3.871201010907891,2.174751721484161
1192967887290487,2023,2,5,512,18,8.3,50.0,3.912023005428146,2.1162555148025524
306275619489998,2016,2,5,512,19,6.7,49.0,3.8918202981106265,1.9021075263969205
1192967887290487,2023,2,5,512,21,9.5,62.0,4.127134385045092,2.2512917986064953
1192967887290487,2023,2,5,512,22,10.4,50.0,3.912023005428146,2.341805806147327
1192967887290487,2023,2,5,512,28,7.4,42.0,3.7376696182833684,2.0014800002101243
73613645010538,2006,2,5,512,40,6.0,33.0,3.4965075614664802,1.791759469228055
1192967887290487,2023,2,5,512,47,7.8,50.0,3.912023005428146,2.0541237336955462
55962801010538,2004,2,5,643,12,8.5,50.0,3.912023005428146,2.1400661634962708
55962801010538,2004,2,5,643,15,5.5,36.0,3.58351893845611,1.7047480922384253
1287180373290487,2024,2,5,805,18,1.1,7.0,1.9459101490553132,0.09531017980432493
816545899290487,2022,2,5,852,1,18.1,64.0,4.1588830833596715,2.89591193827178
816545899290487,2022,2,5,852,5,15.1,64.0,4.1588830833596715,2.714694743820879
816545899290487,2022,2,5,852,17,12.1,51.0,3.9318256327243257,2.4932054526026954
816545899290487,2022,2,5,852,24,11.1,50.0,3.912023005428146,2.4069451083182885
816545899290487,2022,2,5,852,35,11.0,44.0,3.784189633918261,2.3978952727983707
816545899290487,2022,2,5,852,49,6.3,32.0,3.4657359027997265,1.840549633397487
816545899290487,2022,2,5,852,53,8.9,43.0,3.7612001156935624,2.186051276738094
306275614489998,2016,2,5,875,2,13.1,74.0,4.30406509320417,2.5726122302071057
169111991010661,2010,2,5,875,8,9.2,70.0,4.248495242049359,2.2192034840549946
169111991010661,2010,2,5,875,15,12.0,64.0,4.1588830833596715,2.4849066497880004
169111991010661,2010,2,5,875,16,6.5,59.0,4.07753744390572,1.8718021769015913
375519151489998,2017,2,5,925,3,6.8,62.0,4.127134385045092,1.916922612182061
222468954010661,2011,2,5,925,4,15.6,57.0,4.04305126783455,2.747270914255491
222468954010661,2011,2,5,925,8,5.5,40.0,3.6888794541139363,1.7047480922384253
73614589010538,2006,2,5,925,9,7.1,47.0,3.8501476017100584,1.9600947840472698
73614589010538,2006,2,5,925,11,8.9,61.0,4.110873864173311,2.186051276738094
1287180407290487,2024,2,5,925,13,5.4,40.0,3.6888794541139363,1.6863989535702288
73614589010538,2006,2,5,925,14,5.2,57.0,4.04305126783455,1.6486586255873816
73614589010538,2006,2,5,925,16,8.9,56.0,4.02535169073515,2.186051276738094
73614589010538,2006,2,5,925,17,6.8,42.0,3.7376696182833684,1.916922612182061
1287180407290487,2024,2,5,925,18,9.0,62.0,4.127134385045092,2.1972245773362196
222468954010661,2011,2,5,925,19,5.3,22.0,3.091042453358316,1.667706820558076
247064743010661,2012,2,5,928,2,11.5,61.0,4.110873864173311,2.4423470353692043
247064743010661,2012,2,5,928,3,9.6,53.0,3.970291913552122,2.2617630984737906
247064743010661,2012,2,5,928,4,7.1,44.0,3.784189633918261,1.9600947840472698
122566850010661,2007,2,5,928,5,13.6,63.0,4.143134726391533,2.6100697927420065
247064743010661,2012,2,5,928,10,6.5,43.0,3.7612001156935624,1.8718021769015913
247064623010661,2012,2,5,963,9,15.2,84.0,4.430816798843313,2.7212954278522306
511268756126144,2019,2,5,988,2,12.1,61.0,4.110873864173311,2.4932054526026954
222469010010661,2011,2,5,1003,2,7.1,40.0,3.6888794541139363,1.9600947840472698
222469010010661,2011,2,5,1003,4,12.3,73.0,4.290459441148391,2.509599262378372
222469010010661,2011,2,5,1003,5,8.8,57.0,4.04305126783455,2.174751721484161
222469010010661,2011,2,5,1003,9,5.7,40.0,3.6888794541139363,1.7404661748405046
55949790010538,2003,2,5,1159,1,8.7,46.0,3.828641396489095,2.163323025660538
55949790010538,2003,2,5,1159,7,5.4,34.0,3.5263605246161616,1.6863989535702288
55949790010538,2003,2,5,1159,8,5.8,42.0,3.7376696182833684,1.7578579175523736
55949790010538,2003,2,5,1159,10,5.4,39.0,3.6635616461296463,1.6863989535702288
55949790010538,2003,2,5,1159,11,6.5,46.0,3.828641396489095,1.8718021769015913
55949790010538,2003,2,5,1159,12,5.7,42.0,3.7376696182833684,1.7404661748405046
55949790010538,2003,2,5,1159,13,6.7,44.0,3.784189633918261,1.9021075263969205
55949790010538,2003,2,5,1159,14,6.8,43.0,3.7612001156935624,1.916922612182061
511268740126144,2019,2,5,1159,26,6.4,33.0,3.4965075614664802,1.8562979903656263
511268740126144,2019,2,5,1159,27,8.0,55.0,4.007333185232471,2.0794415416798357
511268740126144,2019,2,5,1159,28,7.7,53.0,3.970291913552122,2.0412203288596382
511268740126144,2019,2,5,1159,30,7.2,52.0,3.9512437185814275,1.9740810260220096
511268740126144,2019,2,5,1159,31,8.1,53.0,3.970291913552122,2.0918640616783932
511268740126144,2019,2,5,1159,32,7.2,53.0,3.970291913552122,1.9740810260220096
618642418126144,2020,2,5,1164,9,10.0,62.0,4.127134385045092,2.302585092994046
618642418126144,2020,2,5,1164,11,5.6,42.0,3.7376696182833684,1.7227665977411035
618642418126144,2020,2,5,1164,20,15.3,64.0,4.1588830833596715,2.72785282839839
1287180413290487,2024,2,5,1239,7,5.1,20.0,2.995732273553991,1.62924053973028
1287180413290487,2024,2,5,1239,8,2.4,11.0,2.3978952727983707,0.8754687373538999
511268755126144,2019,2,5,1384,54,6.0,24.0,3.1780538303479458,1.791759469228055
1192967948290487,2023,2,5,1426,38,2.8,18.0,2.8903717578961645,1.0296194171811581
1192967948290487,2023,2,5,1426,59,1.3,12.0,2.4849066497880004,0.26236426446749106
618642457126144,2020,2,5,1430,14,1.0,7.0,1.9459101490553132,0.0
464691459489998,2018,2,5,1470,1,8.1,63.0,4.143134726391533,2.0918640616783932
464691459489998,2018,2,5,1470,28,9.1,65.0,4.174387269895637,2.2082744135228043
247064704010661,2012,2,5,1470,29,6.7,48.0,3.871201010907891,1.9021075263969205
618642463126144,2020,2,5,1476,2,19.3,55.0,4.007333185232471,2.9601050959108397
118137534010661,2008,2,5,1476,4,5.8,16.0,2.772588722239781,1.7578579175523736
618642463126144,2020,2,5,1476,10,14.9,64.0,4.1588830833596715,2.7013612129514133
16365480020004,2013,2,5,1476,11,14.4,59.0,4.07753744390572,2.667228206581955
722577850290487,2021,2,9,30,7,11.7,67.0,4.204692619390966,2.4595888418037104
722577850290487,2021,2,9,30,13,8.5,47.0,3.8501476017100584,2.1400661634962708
722577850290487,2021,2,9,30,16,8.9,47.0,3.8501476017100584,2.186051276738094
722577850290487,2021,2,9,30,20,9.2,48.0,3.871201010907891,2.2192034840549946
722577850290487,2021,2,9,30,23,5.4,39.0,3.6635616461296463,1.6863989535702288
722577850290487,2021,2,9,30,26,1.8,11.0,2.3978952727983707,0.5877866649021191
722577850290487,2021,2,9,30,36,5.3,34.0,3.5263605246161616,1.667706820558076
222469008010661,2011,2,9,51,1,8.5,49.0,3.8918202981106265,2.1400661634962708
222469008010661,2011,2,9,51,4,9.0,43.0,3.7612001156935624,2.1972245773362196
222469008010661,2011,2,9,51,7,7.1,49.0,3.8918202981106265,1.9600947840472698
1287180474290487,2024,2,9,51,8,8.9,45.0,3.8066624897703196,2.186051276738094
222469008010661,2011,2,9,51,9,10.6,65.0,4.174387269895637,2.3608540011180215
222469008010661,2011,2,9,51,10,5.8,39.0,3.6635616461296463,1.7578579175523736
222469008010661,2011,2,9,51,12,10.0,56.0,4.02535169073515,2.302585092994046
1287180474290487,2024,2,9,51,14,1.7,11.0,2.3978952727983707,0.5306282510621704
1287180474290487,2024,2,9,51,15,2.9,14.0,2.6390573296152584,1.0647107369924282
1287180474290487,2024,2,9,51,16,1.5,10.0,2.302585092994046,0.4054651081081644
1287180474290487,2024,2,9,51,17,1.5,9.0,2.1972245773362196,0.4054651081081644
1287180474290487,2024,2,9,51,19,5.4,38.0,3.6375861597263857,1.6863989535702288
375519218489998,2017,2,9,51,25,9.2,57.0,4.04305126783455,2.2192034840549946
1287180474290487,2024,2,9,51,41,5.0,31.0,3.4339872044851463,1.6094379124341003
1287180470290487,2024,2,9,199,12,7.3,48.0,3.871201010907891,1.9878743481543455
1287180470290487,2024,2,9,199,25,5.0,38.0,3.6375861597263857,1.6094379124341003
1287180472290487,2024,2,9,208,1,4.0,23.0,3.1354942159291497,1.3862943611198906
1287180472290487,2024,2,9,208,3,11.3,56.0,4.02535169073515,2.424802725718295
1287180472290487,2024,2,9,208,5,5.5,42.0,3.7376696182833684,1.7047480922384253
1287180472290487,2024,2,9,208,6,7.9,49.0,3.8918202981106265,2.066862759472976
464691532489998,2018,2,9,214,4,12.4,65.0,4.174387269895637,2.517696472610991
511267859126144,2019,2,9,225,1,2.9,18.0,2.8903717578961645,1.0647107369924282
511267859126144,2019,2,9,225,2,7.9,40.0,3.6888794541139363,2.066862759472976
247064773010661,2012,2,9,225,6,6.0,35.0,3.5553480614894135,1.791759469228055
511267859126144,2019,2,9,225,8,11.3,50.0,3.912023005428146,2.424802725718295
511267859126144,2019,2,9,225,9,6.7,33.0,3.4965075614664802,1.9021075263969205
511267859126144,2019,2,9,225,10,5.5,29.0,3.367295829986474,1.7047480922384253
511267859126144,2019,2,9,225,11,1.3,11.0,2.3978952727983707,0.26236426446749106
511267859126144,2019,2,9,225,12,5.7,40.0,3.6888794541139363,1.7404661748405046
511267859126144,2019,2,9,225,13,5.6,42.0,3.7376696182833684,1.7227665977411035
511267859126144,2019,2,9,225,14,5.0,32.0,3.4657359027997265,1.6094379124341003
511267859126144,2019,2,9,225,15,6.1,30.0,3.4011973816621555,1.8082887711792655
16365561020004,2013,2,9,238,2,10.8,52.0,3.9512437185814275,2.379546134130174
511268733126144,2019,2,9,238,10,13.3,58.0,4.060443010546419,2.5877640352277083
511268733126144,2019,2,9,238,12,11.1,55.0,4.007333185232471,2.4069451083182885
511268733126144,2019,2,9,238,20,8.4,48.0,3.871201010907891,2.128231705849268
118137398010661,2008,2,9,238,24,5.7,32.0,3.4657359027997265,1.7404661748405046
618642411126144,2020,2,9,300,1,11.8,57.0,4.04305126783455,2.468099531471619
618642411126144,2020,2,9,300,5,14.6,65.0,4.174387269895637,2.681021528714291
618642411126144,2020,2,9,300,8,7.1,38.0,3.6375861597263857,1.9600947840472698
618642411126144,2020,2,9,300,9,8.0,46.0,3.828641396489095,2.0794415416798357
618642411126144,2020,2,9,300,10,9.8,53.0,3.970291913552122,2.2823823856765264
618642411126144,2020,2,9,300,14,9.9,54.0,3.9889840465642745,2.2925347571405443
618642411126144,2020,2,9,300,15,17.2,72.0,4.276666119016055,2.8449093838194073
618642411126144,2020,2,9,300,17,2.1,20.0,2.995732273553991,0.7419373447293773
618642411126144,2020,2,9,300,19,2.2,11.0,2.3978952727983707,0.7884573603642703
618642411126144,2020,2,9,300,20,6.0,32.0,3.4657359027997265,1.791759469228055
618642411126144,2020,2,9,300,22,7.2,39.0,3.6635616461296463,1.9740810260220096
618642411126144,2020,2,9,300,23,7.5,39.0,3.6635616461296463,2.0149030205422647
618642411126144,2020,2,9,300,24,7.4,40.0,3.6888794541139363,2.0014800002101243
618642411126144,2020,2,9,300,25,7.3,42.0,3.7376696182833684,1.9878743481543455
618642411126144,2020,2,9,300,26,1.1,8.0,2.0794415416798357,0.09531017980432493
618642411126144,2020,2,9,300,27,6.0,30.0,3.4011973816621555,1.791759469228055
618642411126144,2020,2,9,300,29,7.1,41.0,3.713572066704308,1.9600947840472698
618642411126144,2020,2,9,300,30,6.5,40.0,3.6888794541139363,1.8718021769015913
618642411126144,2020,2,9,300,31,5.7,35.0,3.5553480614894135,1.7404661748405046
618642411126144,2020,2,9,300,32,5.7,37.0,3.6109179126442243,1.7404661748405046
618642411126144,2020,2,9,300,34,5.2,23.0,3.1354942159291497,1.6486586255873816
511267834126144,2019,2,9,304,5,7.1,52.0,3.9512437185814275,1.9600947840472698
511267834126144,2019,2,9,304,8,3.7,26.0,3.258096538021482,1.308332819650179
511267834126144,2019,2,9,304,12,2.2,20.0,2.995732273553991,0.7884573603642703
722577878290487,2021,2,9,320,1,7.3,40.0,3.6888794541139363,1.9878743481543455
722577878290487,2021,2,9,320,5,7.0,35.0,3.5553480614894135,1.9459101490553132
722577878290487,2021,2,9,320,8,9.0,40.0,3.6888794541139363,2.1972245773362196
722577878290487,2021,2,9,320,9,7.5,45.0,3.8066624897703196,2.0149030205422647
171871799020004,2014,2,9,320,11,6.3,29.0,3.367295829986474,1.840549633397487
722577878290487,2021,2,9,320,12,6.1,27.0,3.295836866004329,1.8082887711792655
722577878290487,2021,2,9,320,13,5.5,38.0,3.6375861597263857,1.7047480922384253
816546033290487,2022,2,9,333,1,2.3,28.0,3.332204510175204,0.8329091229351039
816546033290487,2022,2,9,333,2,3.0,29.0,3.367295829986474,1.0986122886681098
816546033290487,2022,2,9,333,3,5.1,34.0,3.5263605246161616,1.62924053973028
816546033290487,2022,2,9,333,4,5.2,33.0,3.4965075614664802,1.6486586255873816
816546033290487,2022,2,9,333,5,5.5,29.0,3.367295829986474,1.7047480922384253
816546033290487,2022,2,9,333,6,5.2,27.0,3.295836866004329,1.6486586255873816
816546033290487,2022,2,9,333,7,5.6,32.0,3.4657359027997265,1.7227665977411035
816546033290487,2022,2,9,333,8,5.7,31.0,3.4339872044851463,1.7404661748405046
816546033290487,2022,2,9,333,20,3.0,23.0,3.1354942159291497,1.0986122886681098
816546033290487,2022,2,9,333,22,2.0,17.0,2.833213344056216,0.6931471805599453
816546033290487,2022,2,9,333,26,1.5,9.0,2.1972245773362196,0.4054651081081644
816546033290487,2022,2,9,333,27,1.7,11.0,2.3978952727983707,0.5306282510621704
816546033290487,2022,2,9,333,35,5.9,40.0,3.6888794541139363,1.7749523509116738
816546033290487,2022,2,9,333,38,5.8,35.0,3.5553480614894135,1.7578579175523736
816546033290487,2022,2,9,333,39,5.7,37.0,3.6109179126442243,1.7404661748405046
816546033290487,2022,2,9,333,40,5.0,35.0,3.5553480614894135,1.6094379124341003
816546033290487,2022,2,9,333,41,5.4,35.0,3.5553480614894135,1.6863989535702288
816546033290487,2022,2,9,333,47,2.5,21.0,3.044522437723423,0.9162907318741551
816546033290487,2022,2,9,333,48,2.4,25.0,3.2188758248682006,0.8754687373538999
816546033290487,2022,2,9,333,49,1.3,14.0,2.6390573296152584,0.26236426446749106
816546033290487,2022,2,9,333,50,1.3,13.0,2.5649493574615367,0.26236426446749106
816546033290487,2022,2,9,333,52,3.0,30.0,3.4011973816621555,1.0986122886681098
816546033290487,2022,2,9,333,53,2.2,18.0,2.8903717578961645,0.7884573603642703
816546033290487,2022,2,9,333,54,2.3,22.0,3.091042453358316,0.8329091229351039
816546033290487,2022,2,9,333,55,2.3,23.0,3.1354942159291497,0.8329091229351039
816546033290487,2022,2,9,333,56,2.7,24.0,3.1780538303479458,0.9932517730102834
816546033290487,2022,2,9,333,57,1.3,16.0,2.772588722239781,0.26236426446749106
816546033290487,2022,2,9,333,58,1.6,17.0,2.833213344056216,0.47000362924573563
816546033290487,2022,2,9,333,60,1.4,14.0,2.6390573296152584,0.3364722366212129
816546033290487,2022,2,9,333,61,1.9,22.0,3.091042453358316,0.6418538861723947
816546033290487,2022,2,9,333,64,1.7,15.0,2.70805020110221,0.5306282510621704
816546033290487,2022,2,9,333,66,1.0,14.0,2.6390573296152584,0.0
816546033290487,2022,2,9,333,72,5.5,35.0,3.5553480614894135,1.7047480922384253
73587797010538,2006,2,9,375,2,7.4,40.0,3.6888794541139363,2.0014800002101243
73587797010538,2006,2,9,375,3,7.7,44.0,3.784189633918261,2.0412203288596382
73587797010538,2006,2,9,375,13,7.8,45.0,3.8066624897703196,2.0541237336955462
73587797010538,2006,2,9,375,27,5.5,27.0,3.295836866004329,1.7047480922384253
171871801020004,2014,2,9,407,4,13.0,62.0,4.127134385045092,2.5649493574615367
144986705010661,2009,2,9,407,5,2.8,19.0,2.9444389791664403,1.0296194171811581
171871801020004,2014,2,9,407,9,10.9,62.0,4.127134385045092,2.388762789235098
1192967949290487,2023,2,9,479,2,10.7,65.0,4.174387269895637,2.3702437414678603
62277003010538,2005,2,9,479,3,13.4,77.0,4.343805421853684,2.5952547069568657
62277003010538,2005,2,9,479,4,12.1,71.0,4.2626798770413155,2.4932054526026954
62277003010538,2005,2,9,479,7,13.7,73.0,4.290459441148391,2.617395832834079
62277003010538,2005,2,9,479,8,12.6,78.0,4.356708826689592,2.533696813957432
62277003010538,2005,2,9,479,9,14.5,77.0,4.343805421853684,2.6741486494265287
1192967949290487,2023,2,9,479,20,7.4,40.0,3.6888794541139363,2.0014800002101243
1287180365290487,2024,2,9,535,17,5.0,28.0,3.332204510175204,1.6094379124341003
55963917010538,2004,2,9,559,7,7.6,44.0,3.784189633918261,2.028148247292285
722577851290487,2021,2,9,559,11,3.2,19.0,2.9444389791664403,1.1631508098056809
722577851290487,2021,2,9,559,12,1.2,10.0,2.302585092994046,0.1823215567939546
722577851290487,2021,2,9,559,17,13.2,63.0,4.143134726391533,2.580216829592325
1192967945290487,2023,2,9,593,7,12.5,62.0,4.127134385045092,2.5257286443082556
1192967943290487,2023,2,9,642,6,2.9,16.0,2.772588722239781,1.0647107369924282
1192967943290487,2023,2,9,642,7,7.0,33.0,3.4965075614664802,1.9459101490553132
306275675489998,2016,2,9,642,14,6.3,27.0,3.295836866004329,1.840549633397487
1192967943290487,2023,2,9,642,17,1.0,10.0,2.302585092994046,0.0
1192967943290487,2023,2,9,642,18,5.2,20.0,2.995732273553991,1.6486586255873816
1192967943290487,2023,2,9,642,25,5.7,30.0,3.4011973816621555,1.7404661748405046
55963760010538,2004,2,9,676,4,5.8,32.0,3.4657359027997265,1.7578579175523736
618642396126144,2020,2,9,676,5,13.0,55.0,4.007333185232471,2.5649493574615367
618642396126144,2020,2,9,676,8,9.4,50.0,3.912023005428146,2.2407096892759584
16365594020004,2013,2,9,676,19,7.0,36.0,3.58351893845611,1.9459101490553132
618642396126144,2020,2,9,676,43,5.2,36.0,3.58351893845611,1.6486586255873816
618642399126144,2020,2,9,718,17,8.5,58.0,4.060443010546419,2.1400661634962708
816546005290487,2022,2,9,735,1,11.1,62.0,4.127134385045092,2.4069451083182885
816546005290487,2022,2,9,735,16,11.4,64.0,4.1588830833596715,2.4336133554004498
816546005290487,2022,2,9,735,17,2.1,10.0,2.302585092994046,0.7419373447293773
816546005290487,2022,2,9,735,21,1.5,9.0,2.1972245773362196,0.4054651081081644
816546005290487,2022,2,9,735,22,4.7,25.0,3.2188758248682006,1.547562508716013
122566840010661,2007,2,9,863,9,10.4,69.0,4.23410650459726,2.341805806147327
511267864126144,2019,2,9,863,14,8.1,39.0,3.6635616461296463,2.0918640616783932
511267864126144,2019,2,9,863,51,1.9,14.0,2.6390573296152584,0.6418538861723947
511267864126144,2019,2,9,863,59,6.7,34.0,3.5263605246161616,1.9021075263969205
722577853290487,2021,2,9,883,1,10.6,56.0,4.02535169073515,2.3608540011180215
722577853290487,2021,2,9,883,4,13.3,58.0,4.060443010546419,2.5877640352277083
722577853290487,2021,2,9,883,5,8.4,55.0,4.007333185232471,2.128231705849268
722577853290487,2021,2,9,883,6,2.0,22.0,3.091042453358316,0.6931471805599453
722577853290487,2021,2,9,883,7,10.0,55.0,4.007333185232471,2.302585092994046
722577853290487,2021,2,9,883,9,3.3,27.0,3.295836866004329,1.1939224684724346
722577853290487,2021,2,9,883,10,12.9,67.0,4.204692619390966,2.5572273113676265
722577853290487,2021,2,9,883,12,6.5,43.0,3.7612001156935624,1.8718021769015913
722577853290487,2021,2,9,883,14,12.6,62.0,4.127134385045092,2.533696813957432
171871764020004,2014,2,9,883,15,9.4,56.0,4.02535169073515,2.2407096892759584
171871764020004,2014,2,9,883,18,6.9,52.0,3.9512437185814275,1.9315214116032138
722577853290487,2021,2,9,883,19,6.4,53.0,3.970291913552122,1.8562979903656263
722577853290487,2021,2,9,883,21,7.3,55.0,4.007333185232471,1.9878743481543455
722577853290487,2021,2,9,883,22,1.3,10.0,2.302585092994046,0.26236426446749106
722577853290487,2021,2,9,883,23,4.5,29.0,3.367295829986474,1.5040773967762742
722577853290487,2021,2,9,883,24,6.4,43.0,3.7612001156935624,1.8562979903656263
722577853290487,2021,2,9,883,25,1.0,9.0,2.1972245773362196,0.0
722577853290487,2021,2,9,883,26,7.1,46.0,3.828641396489095,1.9600947840472698
722577853290487,2021,2,9,883,28,1.1,9.0,2.1972245773362196,0.09531017980432493
722577853290487,2021,2,9,883,30,8.0,45.0,3.8066624897703196,2.0794415416798357
722577853290487,2021,2,9,883,31,8.0,41.0,3.713572066704308,2.0794415416798357
722577853290487,2021,2,9,883,32,6.8,49.0,3.8918202981106265,1.916922612182061
722577853290487,2021,2,9,883,33,7.6,50.0,3.912023005428146,2.028148247292285
722577853290487,2021,2,9,883,34,7.7,45.0,3.8066624897703196,2.0412203288596382
722577853290487,2021,2,9,883,35,7.5,49.0,3.8918202981106265,2.0149030205422647
722577853290487,2021,2,9,883,37,6.4,50.0,3.912023005428146,1.8562979903656263
722577853290487,2021,2,9,883,38,6.6,40.0,3.6888794541139363,1.8870696490323797
171871764020004,2014,2,9,883,40,5.2,33.0,3.4965075614664802,1.6486586255873816
171871764020004,2014,2,9,883,41,5.0,37.0,3.6109179126442243,1.6094379124341003
722577853290487,2021,2,9,883,43,6.3,41.0,3.713572066704308,1.840549633397487
722577853290487,2021,2,9,883,44,5.3,40.0,3.6888794541139363,1.667706820558076
722577853290487,2021,2,9,883,45,5.2,36.0,3.58351893845611,1.6486586255873816
722577853290487,2021,2,9,883,46,5.2,36.0,3.58351893845611,1.6486586255873816
722577853290487,2021,2,9,883,49,5.5,36.0,3.58351893845611,1.7047480922384253
722577853290487,2021,2,9,883,50,5.3,40.0,3.6888794541139363,1.667706820558076
1192967946290487,2023,2,9,915,1,4.3,28.0,3.332204510175204,1.4586150226995167
306275678489998,2016,2,9,915,2,2.3,15.0,2.70805020110221,0.8329091229351039
1192967946290487,2023,2,9,915,4,7.1,40.0,3.6888794541139363,1.9600947840472698
306275678489998,2016,2,9,915,5,3.4,23.0,3.1354942159291497,1.2237754316221157
1192967946290487,2023,2,9,915,7,9.6,50.0,3.912023005428146,2.2617630984737906
1192967946290487,2023,2,9,915,13,5.5,38.0,3.6375861597263857,1.7047480922384253
1192967946290487,2023,2,9,915,14,8.3,52.0,3.9512437185814275,2.1162555148025524
306275678489998,2016,2,9,915,15,1.6,11.0,2.3978952727983707,0.47000362924573563
464691508489998,2018,2,9,927,2,7.0,37.0,3.6109179126442243,1.9459101490553132
618642412126144,2020,2,9,978,2,13.4,55.0,4.007333185232471,2.5952547069568657
511267832126144,2019,2,9,982,2,14.8,74.0,4.30406509320417,2.6946271807700692
511267832126144,2019,2,9,982,7,2.7,16.0,2.772588722239781,0.9932517730102834
511267832126144,2019,2,9,982,12,3.2,20.0,2.995732273553991,1.1631508098056809
511267832126144,2019,2,9,982,19,5.2,43.0,3.7612001156935624,1.6486586255873816
511267832126144,2019,2,9,982,27,5.8,40.0,3.6888794541139363,1.7578579175523736
118137420010661,2008,2,9,1014,3,9.9,52.0,3.9512437185814275,2.2925347571405443
1192967968290487,2023,2,9,1031,1,14.4,67.0,4.204692619390966,2.667228206581955
1192967968290487,2023,2,9,1031,4,8.0,46.0,3.828641396489095,2.0794415416798357
1192967968290487,2023,2,9,1031,5,6.1,31.0,3.4339872044851463,1.8082887711792655
1192967968290487,2023,2,9,1031,6,9.4,54.0,3.9889840465642745,2.2407096892759584
1192967968290487,2023,2,9,1031,7,11.8,53.0,3.970291913552122,2.468099531471619
1192967968290487,2023,2,9,1031,8,6.4,38.0,3.6375861597263857,1.8562979903656263
1192967968290487,2023,2,9,1031,9,7.9,41.0,3.713572066704308,2.066862759472976
1192967968290487,2023,2,9,1031,10,6.2,38.0,3.6375861597263857,1.824549292051046
1192967968290487,2023,2,9,1031,11,8.9,50.0,3.912023005428146,2.186051276738094
1192967968290487,2023,2,9,1031,12,6.4,38.0,3.6375861597263857,1.8562979903656263
1192967968290487,2023,2,9,1031,13,9.7,46.0,3.828641396489095,2.272125885509337
1192967968290487,2023,2,9,1031,14,8.8,48.0,3.871201010907891,2.174751721484161
1192967968290487,2023,2,9,1031,15,5.4,26.0,3.258096538021482,1.6863989535702288
1192967968290487,2023,2,9,1031,17,7.2,45.0,3.8066624897703196,1.9740810260220096
1192967968290487,2023,2,9,1031,18,10.5,51.0,3.9318256327243257,2.3513752571634776
1192967968290487,2023,2,9,1031,19,9.5,49.0,3.8918202981106265,2.2512917986064953
1192967968290487,2023,2,9,1031,21,7.6,42.0,3.7376696182833684,2.028148247292285
1192967968290487,2023,2,9,1031,23,8.1,49.0,3.8918202981106265,2.0918640616783932
1192967968290487,2023,2,9,1031,25,9.4,44.0,3.784189633918261,2.2407096892759584
1192967968290487,2023,2,9,1031,26,11.7,44.0,3.784189633918261,2.4595888418037104
1192967968290487,2023,2,9,1031,28,7.2,45.0,3.8066624897703196,1.9740810260220096
1192967968290487,2023,2,9,1031,29,7.4,42.0,3.7376696182833684,2.0014800002101243
1192967968290487,2023,2,9,1031,31,9.2,52.0,3.9512437185814275,2.2192034840549946
1192967968290487,2023,2,9,1031,33,5.4,40.0,3.6888794541139363,1.6863989535702288
816546007290487,2022,2,9,1088,2,3.9,15.0,2.70805020110221,1.3609765531356006
816546007290487,2022,2,9,1088,3,2.3,10.0,2.302585092994046,0.8329091229351039
816546007290487,2022,2,9,1088,9,4.0,25.0,3.2188758248682006,1.3862943611198906
816546007290487,2022,2,9,1088,10,11.1,47.0,3.8501476017100584,2.4069451083182885
816546007290487,2022,2,9,1088,12,6.5,32.0,3.4657359027997265,1.8718021769015913
816546007290487,2022,2,9,1088,13,6.0,17.0,2.833213344056216,1.791759469228055
816546007290487,2022,2,9,1088,14,6.7,26.0,3.258096538021482,1.9021075263969205
816546007290487,2022,2,9,1088,15,5.4,32.0,3.4657359027997265,1.6863989535702288
816546007290487,2022,2,9,1088,16,6.8,30.0,3.4011973816621555,1.916922612182061
816546007290487,2022,2,9,1088,18,1.0,7.0,1.9459101490553132,0.0
816546007290487,2022,2,9,1088,20,1.3,8.0,2.0794415416798357,0.26236426446749106
816546007290487,2022,2,9,1088,22,1.4,9.0,2.1972245773362196,0.3364722366212129
816546007290487,2022,2,9,1088,23,1.1,8.0,2.0794415416798357,0.09531017980432493
816546007290487,2022,2,9,1088,24,5.5,24.0,3.1780538303479458,1.7047480922384253
464691509489998,2018,2,9,1175,2,5.6,35.0,3.5553480614894135,1.7227665977411035
464691509489998,2018,2,9,1175,3,7.8,38.0,3.6375861597263857,2.0541237336955462
464691509489998,2018,2,9,1175,4,9.2,53.0,3.970291913552122,2.2192034840549946
247064768010661,2012,2,9,1175,14,10.6,51.0,3.9318256327243257,2.3608540011180215
464691509489998,2018,2,9,1175,31,5.9,37.0,3.6109179126442243,1.7749523509116738
511267860126144,2019,2,9,1194,9,6.8,30.0,3.4011973816621555,1.916922612182061
122566842010661,2007,2,9,1217,24,8.3,55.0,4.007333185232471,2.1162555148025524
722577852290487,2021,2,9,1230,13,2.3,13.0,2.5649493574615367,0.8329091229351039
618642398126144,2020,2,9,1285,4,8.9,52.0,3.9512437185814275,2.186051276738094
618642398126144,2020,2,9,1285,7,5.1,28.0,3.332204510175204,1.62924053973028
464691510489998,2018,2,9,1291,9,6.6,40.0,3.6888794541139363,1.8870696490323797
464691510489998,2018,2,9,1291,16,5.2,22.0,3.091042453358316,1.6486586255873816
464691510489998,2018,2,9,1291,49,4.2,18.0,2.8903717578961645,1.4350845252893227
464691512489998,2018,2,9,1307,32,6.0,39.0,3.6635616461296463,1.791759469228055
511267856126144,2019,2,9,1322,3,8.3,39.0,3.6635616461296463,2.1162555148025524
511267856126144,2019,2,9,1322,8,16.0,54.0,3.9889840465642745,2.772588722239781
816546009290487,2022,2,9,1420,2,14.0,69.0,4.23410650459726,2.6390573296152584
816546009290487,2022,2,9,1420,4,10.3,50.0,3.912023005428146,2.33214389523559
816546009290487,2022,2,9,1420,5,9.0,50.0,3.912023005428146,2.1972245773362196
816546009290487,2022,2,9,1420,8,8.7,47.0,3.8501476017100584,2.163323025660538
511268735126144,2019,2,9,1436,1,6.0,29.0,3.367295829986474,1.791759469228055
511268735126144,2019,2,9,1436,2,12.7,63.0,4.143134726391533,2.5416019934645457
511268735126144,2019,2,9,1436,4,10.3,59.0,4.07753744390572,2.33214389523559
511268735126144,2019,2,9,1436,5,1.9,12.0,2.4849066497880004,0.6418538861723947
118137408010661,2008,2,9,1436,6,7.5,45.0,3.8066624897703196,2.0149030205422647
16365566020004,2013,2,9,1436,7,6.5,40.0,3.6888794541139363,1.8718021769015913
55951838010538,2003,2,9,1436,9,8.9,64.0,4.1588830833596715,2.186051276738094
511268735126144,2019,2,9,1436,12,8.0,41.0,3.713572066704308,2.0794415416798357
511268735126144,2019,2,9,1436,13,10.2,40.0,3.6888794541139363,2.322387720290225
511268735126144,2019,2,9,1436,17,5.8,26.0,3.258096538021482,1.7578579175523736
511268735126144,2019,2,9,1436,18,6.5,36.0,3.58351893845611,1.8718021769015913
511268735126144,2019,2,9,1436,20,5.7,25.0,3.2188758248682006,1.7404661748405046
816546006290487,2022,2,9,1468,4,14.6,56.0,4.02535169073515,2.681021528714291
144987848010661,2009,2,9,1468,7,8.0,31.0,3.4339872044851463,2.0794415416798357
816546006290487,2022,2,9,1468,10,1.1,9.0,2.1972245773362196,0.09531017980432493
816546006290487,2022,2,9,1468,11,5.8,24.0,3.1780538303479458,1.7578579175523736
816546006290487,2022,2,9,1468,13,1.4,9.0,2.1972245773362196,0.3364722366212129
816546006290487,2022,2,9,1468,18,1.5,13.0,2.5649493574615367,0.4054651081081644
816546006290487,2022,2,9,1468,33,7.0,43.0,3.7612001156935624,1.9459101490553132
816546006290487,2022,2,9,1468,34,7.5,46.0,3.828641396489095,2.0149030205422647
816546006290487,2022,2,9,1468,36,6.9,45.0,3.8066624897703196,1.9315214116032138
816546006290487,2022,2,9,1468,39,5.6,32.0,3.4657359027997265,1.7227665977411035
816546006290487,2022,2,9,1468,47,5.9,48.0,3.871201010907891,1.7749523509116738
816546006290487,2022,2,9,1468,48,5.9,41.0,3.713572066704308,1.7749523509116738
816546006290487,2022,2,9,1468,54,5.1,40.0,3.6888794541139363,1.62924053973028
618642454126144,2020,2,9,1477,2,12.5,61.0,4.110873864173311,2.5257286443082556
618642454126144,2020,2,9,1477,10,5.0,20.0,2.995732273553991,1.6094379124341003
464691556489998,2018,2,9,1822,9,12.7,63.0,4.143134726391533,2.5416019934645457
464691556489998,2018,2,9,1822,18,5.3,29.0,3.367295829986474,1.667706820558076
816546071290487,2022,2,9,2834,3,6.3,39.0,3.6635616461296463,1.840549633397487
816546071290487,2022,2,9,2834,5,24.5,86.0,4.454347296253507,3.1986731175506815
816546071290487,2022,2,9,2834,7,6.0,23.0,3.1354942159291497,1.791759469228055
816546071290487,2022,2,9,2834,13,1.0,7.0,1.9459101490553132,0.0
816545983290487,2022,2,11,249,13,2.5,11.0,2.3978952727983707,0.9162907318741551
816545983290487,2022,2,11,249,29,2.3,19.0,2.9444389791664403,0.8329091229351039
816545984290487,2022,2,11,250,1,2.8,17.0,2.833213344056216,1.0296194171811581
816545984290487,2022,2,11,250,18,9.7,38.0,3.6375861597263857,2.272125885509337
816545984290487,2022,2,11,250,19,5.2,22.0,3.091042453358316,1.6486586255873816
816545984290487,2022,2,11,250,24,8.9,36.0,3.58351893845611,2.186051276738094
816545984290487,2022,2,11,250,34,5.9,29.0,3.367295829986474,1.7749523509116738
618642515126144,2020,2,11,261,1,13.7,38.0,3.6375861597263857,2.617395832834079
618642515126144,2020,2,11,261,2,17.5,62.0,4.127134385045092,2.8622008809294686
618642515126144,2020,2,11,261,3,9.4,49.0,3.8918202981106265,2.2407096892759584
618642515126144,2020,2,11,261,4,13.2,62.0,4.127134385045092,2.580216829592325
618642515126144,2020,2,11,261,12,6.1,49.0,3.8918202981106265,1.8082887711792655
618642491126144,2020,2,11,278,2,13.1,52.0,3.9512437185814275,2.5726122302071057
618642511126144,2020,2,11,772,8,13.6,83.0,4.418840607796598,2.6100697927420065
816545976290487,2022,2,11,1287,2,6.9,41.0,3.713572066704308,1.9315214116032138
171871725020004,2015,2,11,1287,3,7.5,61.0,4.110873864173311,2.0149030205422647
144988483010661,2009,2,11,1287,4,6.9,51.0,3.9318256327243257,1.9315214116032138
171871725020004,2015,2,11,1287,5,8.5,54.0,3.9889840465642745,2.1400661634962708
171871725020004,2015,2,11,1287,6,9.5,66.0,4.189654742026425,2.2512917986064953
171871725020004,2015,2,11,1287,11,7.0,58.0,4.060443010546419,1.9459101490553132
171871725020004,2015,2,11,1287,12,6.1,47.0,3.8501476017100584,1.8082887711792655
144988483010661,2009,2,11,1287,13,9.8,60.0,4.0943445622221,2.2823823856765264
171871725020004,2015,2,11,1287,14,10.8,72.0,4.276666119016055,2.379546134130174
144988483010661,2009,2,11,1287,16,8.7,58.0,4.060443010546419,2.163323025660538
144988483010661,2009,2,11,1287,17,10.6,59.0,4.07753744390572,2.3608540011180215
144988483010661,2009,2,11,1287,18,9.9,66.0,4.189654742026425,2.2925347571405443
171871725020004,2015,2,11,1287,20,15.2,72.0,4.276666119016055,2.7212954278522306
1287180359290487,2024,2,11,1458,1,7.1,31.0,3.4339872044851463,1.9600947840472698
1287180359290487,2024,2,11,1458,2,3.4,11.0,2.3978952727983707,1.2237754316221157
1287180359290487,2024,2,11,1458,5,10.6,39.0,3.6635616461296463,2.3608540011180215
1287180359290487,2024,2,11,1458,7,8.3,36.0,3.58351893845611,2.1162555148025524
1287180359290487,2024,2,11,1458,13,7.9,32.0,3.4657359027997265,2.066862759472976
1287180359290487,2024,2,11,1458,15,9.5,32.0,3.4657359027997265,2.2512917986064953
1287180359290487,2024,2,11,1458,21,8.0,36.0,3.58351893845611,2.0794415416798357
1287180359290487,2024,2,11,1458,22,5.8,33.0,3.4965075614664802,1.7578579175523736
1287180359290487,2024,2,11,1458,24,6.8,37.0,3.6109179126442243,1.916922612182061
1287180359290487,2024,2,11,1458,26,7.3,30.0,3.4011973816621555,1.9878743481543455
1287180359290487,2024,2,11,1458,27,6.0,26.0,3.258096538021482,1.791759469228055
1287180359290487,2024,2,11,1458,28,5.4,29.0,3.367295829986474,1.6863989535702288
1287180359290487,2024,2,11,1458,29,5.7,31.0,3.4339872044851463,1.7404661748405046
1287180359290487,2024,2,11,1458,30,5.3,23.0,3.1354942159291497,1.667706820558076
464691483489998,2018,2,15,168,5,17.3,82.0,4.406719247264253,2.8507065015037334
464691483489998,2018,2,15,168,10,11.9,69.0,4.23410650459726,2.4765384001174837
464691483489998,2018,2,15,168,13,6.9,42.0,3.7376696182833684,1.9315214116032138
464691483489998,2018,2,15,168,14,7.7,52.0,3.9512437185814275,2.0412203288596382
464691483489998,2018,2,15,168,21,7.2,59.0,4.07753744390572,1.9740810260220096
247064667010661,2012,2,15,168,24,6.1,45.0,3.8066624897703196,1.8082887711792655
464691483489998,2018,2,15,168,25,13.7,70.0,4.248495242049359,2.617395832834079
511268768126144,2019,2,15,174,2,11.6,43.0,3.7612001156935624,2.451005098112319
511268768126144,2019,2,15,174,4,11.0,52.0,3.9512437185814275,2.3978952727983707
511268768126144,2019,2,15,174,15,10.7,61.0,4.110873864173311,2.3702437414678603
511268768126144,2019,2,15,174,16,12.6,57.0,4.04305126783455,2.533696813957432
511268768126144,2019,2,15,174,17,6.7,35.0,3.5553480614894135,1.9021075263969205
511268768126144,2019,2,15,174,18,8.8,52.0,3.9512437185814275,2.174751721484161
171871632020004,2014,2,15,267,4,5.3,22.0,3.091042453358316,1.667706820558076
171871632020004,2014,2,15,267,34,5.5,20.0,2.995732273553991,1.7047480922384253
722577760290487,2021,2,15,267,44,5.5,30.0,3.4011973816621555,1.7047480922384253
144988625010661,2009,2,15,289,2,8.8,61.0,4.110873864173311,2.174751721484161
816545895290487,2022,2,15,289,3,7.2,41.0,3.713572066704308,1.9740810260220096
816545895290487,2022,2,15,289,4,5.7,39.0,3.6635616461296463,1.7404661748405046
171871614020004,2015,2,15,289,5,8.1,59.0,4.07753744390572,2.0918640616783932
171871614020004,2015,2,15,289,6,8.0,47.0,3.8501476017100584,2.0794415416798357
816545895290487,2022,2,15,289,7,6.9,51.0,3.9318256327243257,1.9315214116032138
816545895290487,2022,2,15,289,8,7.2,45.0,3.8066624897703196,1.9740810260220096
816545895290487,2022,2,15,289,9,7.6,50.0,3.912023005428146,2.028148247292285
816545895290487,2022,2,15,289,10,8.3,52.0,3.9512437185814275,2.1162555148025524
816545895290487,2022,2,15,289,12,9.6,68.0,4.219507705176107,2.2617630984737906
816545895290487,2022,2,15,289,15,5.8,28.0,3.332204510175204,1.7578579175523736
816545895290487,2022,2,15,289,16,1.7,15.0,2.70805020110221,0.5306282510621704
816545895290487,2022,2,15,289,18,6.5,45.0,3.8066624897703196,1.8718021769015913
816545895290487,2022,2,15,289,33,9.1,58.0,4.060443010546419,2.2082744135228043
816545895290487,2022,2,15,289,34,2.7,15.0,2.70805020110221,0.9932517730102834
722577831290487,2021,2,15,301,1,3.3,16.0,2.772588722239781,1.1939224684724346
722577831290487,2021,2,15,301,3,8.2,32.0,3.4657359027997265,2.1041341542702074
722577831290487,2021,2,15,301,6,7.9,62.0,4.127134385045092,2.066862759472976
722577831290487,2021,2,15,301,14,8.9,60.0,4.0943445622221,2.186051276738094
722577831290487,2021,2,15,301,16,5.5,38.0,3.6375861597263857,1.7047480922384253
722577831290487,2021,2,15,301,20,1.5,11.0,2.3978952727983707,0.4054651081081644
722577831290487,2021,2,15,301,21,1.0,7.0,1.9459101490553132,0.0
722577831290487,2021,2,15,301,22,1.1,9.0,2.1972245773362196,0.09531017980432493
171871731020004,2014,2,15,301,26,6.0,33.0,3.4965075614664802,1.791759469228055
144988491010661,2009,2,15,386,1,6.2,30.0,3.4011973816621555,1.824549292051046
816545979290487,2022,2,15,386,4,1.3,8.0,2.0794415416798357,0.26236426446749106
618642493126144,2020,2,15,495,21,1.0,8.0,2.0794415416798357,0.0
511267910126144,2019,2,15,529,9,1.5,10.0,2.302585092994046,0.4054651081081644
511267910126144,2019,2,15,529,10,12.9,60.0,4.0943445622221,2.5572273113676265
511267911126144,2019,2,15,531,1,10.3,61.0,4.110873864173311,2.33214389523559
511267911126144,2019,2,15,531,12,5.8,46.0,3.828641396489095,1.7578579175523736
511267911126144,2019,2,15,531,32,14.6,77.0,4.343805421853684,2.681021528714291
73591940010538,2006,2,15,540,2,6.2,21.0,3.044522437723423,1.824549292051046
511268769126144,2019,2,15,625,3,12.7,45.0,3.8066624897703196,2.5416019934645457
511268769126144,2019,2,15,625,4,11.1,61.0,4.110873864173311,2.4069451083182885
511268769126144,2019,2,15,625,6,10.0,44.0,3.784189633918261,2.302585092994046
16365517020004,2013,2,15,625,14,5.5,30.0,3.4011973816621555,1.7047480922384253
306275654489998,2016,2,15,697,7,14.0,68.0,4.219507705176107,2.6390573296152584
1287180369290487,2024,2,15,866,7,5.7,27.0,3.295836866004329,1.7404661748405046
1287180421290487,2024,2,15,947,5,6.3,40.0,3.6888794541139363,1.840549633397487
1287180421290487,2024,2,15,947,7,14.2,90.0,4.499809670330265,2.653241964607215
1287180421290487,2024,2,15,947,10,5.3,31.0,3.4339872044851463,1.667706820558076
1287180421290487,2024,2,15,947,11,17.2,99.0,4.59511985013459,2.8449093838194073
1287180421290487,2024,2,15,947,12,12.8,73.0,4.290459441148391,2.5494451709255714
1287180421290487,2024,2,15,947,13,6.3,43.0,3.7612001156935624,1.840549633397487
1287180421290487,2024,2,15,947,14,9.9,69.0,4.23410650459726,2.2925347571405443
1287180421290487,2024,2,15,947,15,4.6,25.0,3.2188758248682006,1.5260563034950492
1287180421290487,2024,2,15,947,17,5.2,29.0,3.367295829986474,1.6486586255873816
1287180421290487,2024,2,15,947,21,14.1,75.0,4.31748811353631,2.6461747973841225
222468882010661,2011,2,15,947,25,5.3,34.0,3.5263605246161616,1.667706820558076
618642465126144,2020,2,15,964,8,9.2,36.0,3.58351893845611,2.2192034840549946
306275652489998,2016,2,15,1007,2,13.3,69.0,4.23410650459726,2.5877640352277083
722577830290487,2021,2,15,1054,6,7.4,53.0,3.970291913552122,2.0014800002101243
144988493010661,2009,2,15,1054,10,5.9,48.0,3.871201010907891,1.7749523509116738
171871730020004,2014,2,15,1054,11,9.0,50.0,3.912023005428146,2.1972245773362196
171871730020004,2014,2,15,1054,12,12.2,61.0,4.110873864173311,2.501435951739211
722577830290487,2021,2,15,1054,15,13.8,60.0,4.0943445622221,2.624668592163159
618642495126144,2020,2,15,1099,5,12.2,62.0,4.127134385045092,2.501435951739211
62277888010538,2005,2,15,1102,10,13.8,50.0,3.912023005428146,2.624668592163159
464691484489998,2018,2,15,1104,5,20.6,85.0,4.442651256490317,3.0252910757955354
464691484489998,2018,2,15,1104,6,10.5,63.0,4.143134726391533,2.3513752571634776
464691484489998,2018,2,15,1104,7,24.6,89.0,4.48863636973214,3.202746442938317
511267913126144,2019,2,15,1316,1,2.9,19.0,2.9444389791664403,1.0647107369924282
511267913126144,2019,2,15,1316,2,7.1,33.0,3.4965075614664802,1.9600947840472698
122567090010661,2007,2,15,1316,7,5.6,30.0,3.4011973816621555,1.7227665977411035
511267913126144,2019,2,15,1316,8,6.0,25.0,3.2188758248682006,1.791759469228055
511267913126144,2019,2,15,1316,9,1.5,10.0,2.302585092994046,0.4054651081081644
511267913126144,2019,2,15,1316,11,12.5,40.0,3.6888794541139363,2.5257286443082556
247064670010661,2012,2,15,1316,14,7.3,29.0,3.367295829986474,1.9878743481543455
511267913126144,2019,2,15,1316,16,14.3,51.0,3.9318256327243257,2.6602595372658615
511267913126144,2019,2,15,1316,17,6.5,28.0,3.332204510175204,1.8718021769015913
511267913126144,2019,2,15,1316,22,5.7,29.0,3.367295829986474,1.7404661748405046
816545977290487,2022,2,15,1360,5,14.0,58.0,4.060443010546419,2.6390573296152584
816545977290487,2022,2,15,1360,6,7.4,44.0,3.784189633918261,2.0014800002101243
62278211010538,2005,2,15,1360,7,7.9,60.0,4.0943445622221,2.066862759472976
62278211010538,2005,2,15,1360,8,8.0,47.0,3.8501476017100584,2.0794415416798357
816545977290487,2022,2,15,1360,26,5.8,42.0,3.7376696182833684,1.7578579175523736
816545977290487,2022,2,15,1360,30,1.0,7.0,1.9459101490553132,0.0
464691480489998,2018,2,15,1378,9,9.2,61.0,4.110873864173311,2.2192034840549946
464691480489998,2018,2,15,1378,23,6.8,46.0,3.828641396489095,1.916922612182061
464691480489998,2018,2,15,1378,26,12.5,60.0,4.0943445622221,2.5257286443082556
1287180381290487,2024,2,15,1382,4,21.9,70.0,4.248495242049359,3.086486636822455
1287180381290487,2024,2,15,1382,6,4.1,19.0,2.9444389791664403,1.410986973710262
1287180381290487,2024,2,15,1382,7,4.2,20.0,2.995732273553991,1.4350845252893227
375519125489998,2017,2,15,1382,8,15.1,60.0,4.0943445622221,2.714694743820879
1287180381290487,2024,2,15,1382,9,5.0,20.0,2.995732273553991,1.6094379124341003
1287180381290487,2024,2,15,1382,11,2.4,12.0,2.4849066497880004,0.8754687373538999
1287180381290487,2024,2,15,1382,12,4.7,25.0,3.2188758248682006,1.547562508716013
1287180381290487,2024,2,15,1382,13,4.3,26.0,3.258096538021482,1.4586150226995167
1287180381290487,2024,2,15,1382,14,3.1,14.0,2.6390573296152584,1.1314021114911006
1287180381290487,2024,2,15,1382,15,5.5,31.0,3.4339872044851463,1.7047480922384253
1287180381290487,2024,2,15,1382,16,5.0,28.0,3.332204510175204,1.6094379124341003
1287180381290487,2024,2,15,1382,17,5.2,29.0,3.367295829986474,1.6486586255873816
1287180381290487,2024,2,15,1382,18,5.0,28.0,3.332204510175204,1.6094379124341003
1287180381290487,2024,2,15,1382,30,3.0,16.0,2.772588722239781,1.0986122886681098
1287180381290487,2024,2,15,1382,33,1.1,8.0,2.0794415416798357,0.09531017980432493
618642497126144,2020,2,15,1409,11,5.4,28.0,3.332204510175204,1.6863989535702288
618642497126144,2020,2,15,1409,12,3.1,12.0,2.4849066497880004,1.1314021114911006
1192967919290487,2023,2,15,1421,16,8.2,37.0,3.6109179126442243,2.1041341542702074
1192967919290487,2023,2,15,1421,18,7.7,32.0,3.4657359027997265,2.0412203288596382
1192967919290487,2023,2,15,1421,40,5.7,30.0,3.4011973816621555,1.7404661748405046
1192967917290487,2023,2,15,1455,3,9.3,51.0,3.9318256327243257,2.2300144001592104
1192967917290487,2023,2,15,1455,8,10.2,51.0,3.9318256327243257,2.322387720290225
1192967917290487,2023,2,15,1455,10,19.0,67.0,4.204692619390966,2.9444389791664403
1192967917290487,2023,2,15,1455,11,5.9,33.0,3.4965075614664802,1.7749523509116738
618642432126144,2020,2,17,33,2,7.3,48.0,3.871201010907891,1.9878743481543455
1287180453290487,2024,2,17,69,5,8.4,53.0,3.970291913552122,2.128231705849268
375519197489998,2017,2,17,69,6,7.8,50.0,3.912023005428146,2.0541237336955462
375519197489998,2017,2,17,69,7,8.9,50.0,3.912023005428146,2.186051276738094
1287180453290487,2024,2,17,69,14,5.1,27.0,3.295836866004329,1.62924053973028
618642475126144,2020,2,17,74,9,5.6,37.0,3.6109179126442243,1.7227665977411035
618642475126144,2020,2,17,74,10,5.2,36.0,3.58351893845611,1.6486586255873816
1192967936290487,2023,2,17,96,2,11.8,70.0,4.248495242049359,2.468099531471619
222468902010661,2011,2,17,128,16,5.1,28.0,3.332204510175204,1.62924053973028
171871754020004,2014,2,17,173,4,18.9,74.0,4.30406509320417,2.9391619220655967
722577846290487,2021,2,17,173,5,11.0,61.0,4.110873864173311,2.3978952727983707
722577846290487,2021,2,17,173,46,3.1,23.0,3.1354942159291497,1.1314021114911006
618642472126144,2020,2,17,192,9,5.9,38.0,3.6375861597263857,1.7749523509116738
618642472126144,2020,2,17,192,10,5.6,36.0,3.58351893845611,1.7227665977411035
247064712010661,2012,2,17,202,6,8.4,62.0,4.127134385045092,2.128231705849268
122567004010661,2007,2,17,202,10,8.0,46.0,3.828641396489095,2.0794415416798357
122567004010661,2007,2,17,202,11,8.2,45.0,3.8066624897703196,2.1041341542702074
222468972010661,2011,2,17,211,7,8.5,60.0,4.0943445622221,2.1400661634962708
73594229010538,2006,2,17,211,9,7.6,50.0,3.912023005428146,2.028148247292285
73594229010538,2006,2,17,211,12,8.2,39.0,3.6635616461296463,2.1041341542702074
222468972010661,2011,2,17,211,13,9.9,58.0,4.060443010546419,2.2925347571405443
222468972010661,2011,2,17,211,19,11.3,58.0,4.060443010546419,2.424802725718295
222468972010661,2011,2,17,211,24,5.6,29.0,3.367295829986474,1.7227665977411035
222468972010661,2011,2,17,211,25,5.9,35.0,3.5553480614894135,1.7749523509116738
222468972010661,2011,2,17,211,38,6.4,46.0,3.828641396489095,1.8562979903656263
816545901290487,2022,2,17,342,2,2.6,30.0,3.4011973816621555,0.9555114450274363
816545901290487,2022,2,17,342,3,4.6,22.0,3.091042453358316,1.5260563034950492
816545901290487,2022,2,17,342,9,6.5,37.0,3.6109179126442243,1.8718021769015913
816545901290487,2022,2,17,342,12,5.1,30.0,3.4011973816621555,1.62924053973028
118137450010661,2008,2,17,381,4,7.0,54.0,3.9889840465642745,1.9459101490553132
118137450010661,2008,2,17,381,5,6.2,51.0,3.9318256327243257,1.824549292051046
16365546020004,2013,2,17,381,6,6.7,46.0,3.828641396489095,1.9021075263969205
16365546020004,2013,2,17,381,8,6.0,49.0,3.8918202981106265,1.791759469228055
16365546020004,2013,2,17,381,10,8.8,60.0,4.0943445622221,2.174751721484161
16365546020004,2013,2,17,381,11,6.6,50.0,3.912023005428146,1.8870696490323797
16365546020004,2013,2,17,381,13,8.3,57.0,4.04305126783455,2.1162555148025524
118137450010661,2008,2,17,381,15,8.1,49.0,3.8918202981106265,2.0918640616783932
816545995290487,2022,2,17,387,3,2.4,13.0,2.5649493574615367,0.8754687373538999
816545894290487,2022,2,17,633,1,2.9,15.0,2.70805020110221,1.0647107369924282
171871613020004,2015,2,17,633,4,6.8,28.0,3.332204510175204,1.916922612182061
816545894290487,2022,2,17,633,6,8.5,44.0,3.784189633918261,2.1400661634962708
144988639010661,2009,2,17,633,9,5.3,20.0,2.995732273553991,1.667706820558076
1287180482290487,2024,2,17,826,1,4.1,32.0,3.4657359027997265,1.410986973710262
73594924010538,2006,2,17,826,2,9.4,53.0,3.970291913552122,2.2407096892759584
1287180482290487,2024,2,17,826,3,7.2,48.0,3.871201010907891,1.9740810260220096
1287180482290487,2024,2,17,826,5,9.0,61.0,4.110873864173311,2.1972245773362196
1287180482290487,2024,2,17,826,10,5.7,54.0,3.9889840465642745,1.7404661748405046
1287180482290487,2024,2,17,826,11,5.6,43.0,3.7612001156935624,1.7227665977411035
222469038010661,2011,2,17,826,12,5.0,43.0,3.7612001156935624,1.6094379124341003
144988655010661,2009,2,17,878,1,11.3,56.0,4.02535169073515,2.424802725718295
55967536010538,2004,2,17,878,2,12.0,72.0,4.276666119016055,2.4849066497880004
144988655010661,2009,2,17,878,3,14.2,72.0,4.276666119016055,2.653241964607215
144988655010661,2009,2,17,878,4,12.0,62.0,4.127134385045092,2.4849066497880004
144988655010661,2009,2,17,878,5,10.1,66.0,4.189654742026425,2.312535423847214
144988655010661,2009,2,17,878,6,12.0,70.0,4.248495242049359,2.4849066497880004
144988655010661,2009,2,17,878,7,11.4,68.0,4.219507705176107,2.4336133554004498
144988655010661,2009,2,17,878,8,5.5,34.0,3.5263605246161616,1.7047480922384253
144988655010661,2009,2,17,878,9,5.3,30.0,3.4011973816621555,1.667706820558076
1287180460290487,2024,2,17,903,6,1.2,9.0,2.1972245773362196,0.1823215567939546
1287180460290487,2024,2,17,903,11,1.0,7.0,1.9459101490553132,0.0
1287180461290487,2024,2,17,990,1,2.5,16.0,2.772588722239781,0.9162907318741551
1287180461290487,2024,2,17,990,2,1.5,9.0,2.1972245773362196,0.4054651081081644
1287180461290487,2024,2,17,990,7,2.6,16.0,2.772588722239781,0.9555114450274363
222468976010661,2011,2,17,990,11,8.1,41.0,3.713572066704308,2.0918640616783932
1287180461290487,2024,2,17,990,19,1.8,11.0,2.3978952727983707,0.5877866649021191
169112317010661,2010,2,17,1045,8,5.2,31.0,3.4339872044851463,1.6486586255873816
1192967980290487,2023,2,17,1045,12,7.6,35.0,3.5553480614894135,2.028148247292285
722577790290487,2021,2,17,1206,3,10.9,62.0,4.127134385045092,2.388762789235098
144988205010661,2009,2,17,1206,4,13.6,63.0,4.143134726391533,2.6100697927420065
722577790290487,2021,2,17,1206,7,9.2,63.0,4.143134726391533,2.2192034840549946
144988205010661,2009,2,17,1206,9,9.2,42.0,3.7376696182833684,2.2192034840549946
144988205010661,2009,2,17,1206,10,7.5,40.0,3.6888794541139363,2.0149030205422647
144988205010661,2009,2,17,1206,11,9.2,48.0,3.871201010907891,2.2192034840549946
144988205010661,2009,2,17,1206,12,5.8,34.0,3.5263605246161616,1.7578579175523736
722577790290487,2021,2,17,1206,14,4.0,23.0,3.1354942159291497,1.3862943611198906
722577790290487,2021,2,17,1206,15,2.2,15.0,2.70805020110221,0.7884573603642703
722577790290487,2021,2,17,1206,16,1.4,11.0,2.3978952727983707,0.3364722366212129
722577790290487,2021,2,17,1206,17,1.8,11.0,2.3978952727983707,0.5877866649021191
722577790290487,2021,2,17,1206,19,2.4,15.0,2.70805020110221,0.8754687373538999
722577790290487,2021,2,17,1206,20,6.4,41.0,3.713572066704308,1.8562979903656263
722577790290487,2021,2,17,1206,21,1.0,9.0,2.1972245773362196,0.0
722577790290487,2021,2,17,1206,55,6.6,46.0,3.828641396489095,1.8870696490323797
62278970010538,2005,2,17,1206,59,5.7,35.0,3.5553480614894135,1.7404661748405046
464691498489998,2018,2,17,1413,15,7.5,56.0,4.02535169073515,2.0149030205422647
222469032010661,2011,2,17,1441,4,6.0,38.0,3.6375861597263857,1.791759469228055
464691533489998,2018,2,17,1452,2,6.2,35.0,3.5553480614894135,1.824549292051046
16365544020004,2013,2,17,1478,2,7.2,45.0,3.8066624897703196,1.9740810260220096
16365544020004,2013,2,17,1478,8,8.0,48.0,3.871201010907891,2.0794415416798357
118137446010661,2008,2,17,1478,11,5.6,37.0,3.6109179126442243,1.7227665977411035
118137446010661,2008,2,17,1478,12,6.5,45.0,3.8066624897703196,1.8718021769015913
16365544020004,2013,2,17,1478,14,12.3,56.0,4.02535169073515,2.509599262378372
16365544020004,2013,2,17,1478,16,10.0,61.0,4.110873864173311,2.302585092994046
16365544020004,2013,2,17,1478,17,7.0,51.0,3.9318256327243257,1.9459101490553132
55967879010538,2004,2,19,12,1,14.2,72.0,4.276666119016055,2.653241964607215
55967879010538,2004,2,19,12,2,10.6,70.0,4.248495242049359,2.3608540011180215
55967879010538,2004,2,19,12,3,8.9,53.0,3.970291913552122,2.186051276738094
55967879010538,2004,2,19,12,4,7.0,44.0,3.784189633918261,1.9459101490553132
55967879010538,2004,2,19,12,15,15.5,60.0,4.0943445622221,2.740840023925201
55967879010538,2004,2,19,12,16,9.9,54.0,3.9889840465642745,2.2925347571405443
464691456489998,2018,2,19,38,1,8.9,62.0,4.127134385045092,2.186051276738094
464691456489998,2018,2,19,38,5,7.7,50.0,3.912023005428146,2.0412203288596382
464691456489998,2018,2,19,38,10,18.6,65.0,4.174387269895637,2.9231615807191558
464691456489998,2018,2,19,38,11,10.6,64.0,4.1588830833596715,2.3608540011180215
464691456489998,2018,2,19,38,13,10.6,59.0,4.07753744390572,2.3608540011180215
464691456489998,2018,2,19,38,14,8.5,62.0,4.127134385045092,2.1400661634962708
122567064010661,2007,2,19,125,11,11.2,55.0,4.007333185232471,2.4159137783010487
464691478489998,2018,2,19,125,24,11.5,53.0,3.970291913552122,2.4423470353692043
1192967842290487,2023,2,19,246,9,10.7,60.0,4.0943445622221,2.3702437414678603
1192967842290487,2023,2,19,246,10,2.6,13.0,2.5649493574615367,0.9555114450274363
1192967906290487,2023,2,19,251,7,12.4,55.0,4.007333185232471,2.517696472610991
1192967906290487,2023,2,19,251,27,10.8,52.0,3.9512437185814275,2.379546134130174
1192967906290487,2023,2,19,251,48,9.8,54.0,3.9889840465642745,2.2823823856765264
144988477010661,2009,2,19,347,8,6.2,35.0,3.5553480614894135,1.824549292051046
144988477010661,2009,2,19,347,10,6.7,24.0,3.1780538303479458,1.9021075263969205
144988477010661,2009,2,19,347,19,6.2,40.0,3.6888794541139363,1.824549292051046
464691472489998,2018,2,19,373,9,7.4,38.0,3.6375861597263857,2.0014800002101243
144988481010661,2009,2,19,423,2,9.8,55.0,4.007333185232471,2.2823823856765264
144988481010661,2009,2,19,423,9,6.7,42.0,3.7376696182833684,1.9021075263969205
144988481010661,2009,2,19,423,10,6.9,37.0,3.6109179126442243,1.9315214116032138
62280721010538,2005,2,19,423,15,17.4,71.0,4.2626798770413155,2.856470206220483
722577826290487,2021,2,19,423,17,7.4,43.0,3.7612001156935624,2.0014800002101243
722577826290487,2021,2,19,423,18,7.8,44.0,3.784189633918261,2.0541237336955462
722577826290487,2021,2,19,423,25,8.7,42.0,3.7376696182833684,2.163323025660538
722577826290487,2021,2,19,423,30,18.6,73.0,4.290459441148391,2.9231615807191558
118137530010661,2008,2,19,475,2,6.0,32.0,3.4657359027997265,1.791759469228055
618642461126144,2020,2,19,475,18,8.1,44.0,3.784189633918261,2.0918640616783932
144988475010661,2009,2,19,546,2,8.0,53.0,3.970291913552122,2.0794415416798357
722577823290487,2021,2,19,546,21,8.5,50.0,3.912023005428146,2.1400661634962708
16365500020004,2013,2,19,710,10,5.0,23.0,3.1354942159291497,1.6094379124341003
722577828290487,2021,2,19,713,2,12.8,32.0,3.4657359027997265,2.5494451709255714
144988487010661,2009,2,19,713,6,8.1,37.0,3.6109179126442243,2.0918640616783932
722577828290487,2021,2,19,713,12,6.1,31.0,3.4339872044851463,1.8082887711792655
722577812290487,2021,2,19,754,6,9.3,53.0,3.970291913552122,2.2300144001592104
62280042010538,2005,2,19,794,5,7.5,40.0,3.6888794541139363,2.0149030205422647
62280042010538,2005,2,19,794,6,7.4,33.0,3.4965075614664802,2.0014800002101243
169112081010661,2010,2,19,871,1,7.8,44.0,3.784189633918261,2.0541237336955462
169112081010661,2010,2,19,871,9,10.6,44.0,3.784189633918261,2.3608540011180215
1192967896290487,2023,2,19,871,19,8.5,48.0,3.871201010907891,2.1400661634962708
1192967896290487,2023,2,19,871,33,11.4,49.0,3.8918202981106265,2.4336133554004498
511267908126144,2019,2,19,889,22,8.9,56.0,4.02535169073515,2.186051276738094
511267908126144,2019,2,19,889,41,10.2,52.0,3.9512437185814275,2.322387720290225
816546010290487,2022,2,19,893,11,1.5,9.0,2.1972245773362196,0.4054651081081644
16365512020004,2013,2,19,897,6,9.0,53.0,3.970291913552122,2.1972245773362196
618642490126144,2020,2,19,897,20,6.8,37.0,3.6109179126442243,1.916922612182061
618642490126144,2020,2,19,897,25,3.7,20.0,2.995732273553991,1.308332819650179
618642490126144,2020,2,19,897,26,2.4,17.0,2.833213344056216,0.8754687373538999
618642490126144,2020,2,19,897,28,3.1,22.0,3.091042453358316,1.1314021114911006
618642490126144,2020,2,19,897,31,8.1,41.0,3.713572066704308,2.0918640616783932
618642490126144,2020,2,19,897,32,6.1,37.0,3.6109179126442243,1.8082887711792655
618642490126144,2020,2,19,897,33,6.0,29.0,3.367295829986474,1.791759469228055
618642490126144,2020,2,19,897,34,8.2,40.0,3.6888794541139363,2.1041341542702074
618642490126144,2020,2,19,897,36,1.0,7.0,1.9459101490553132,0.0
816545952290487,2022,2,19,979,7,7.4,41.0,3.713572066704308,2.0014800002101243
144987992010661,2009,2,19,1035,2,11.1,53.0,3.970291913552122,2.4069451083182885
144987992010661,2009,2,19,1035,5,26.0,73.0,4.290459441148391,3.258096538021482
722577854290487,2021,2,19,1035,15,2.3,16.0,2.772588722239781,0.8329091229351039
722577854290487,2021,2,19,1035,21,4.1,23.0,3.1354942159291497,1.410986973710262
722577854290487,2021,2,19,1035,22,5.3,24.0,3.1780538303479458,1.667706820558076
722577854290487,2021,2,19,1035,24,1.2,9.0,2.1972245773362196,0.1823215567939546
722577854290487,2021,2,19,1035,26,6.9,27.0,3.295836866004329,1.9315214116032138
722577854290487,2021,2,19,1035,30,1.0,11.0,2.3978952727983707,0.0
722577854290487,2021,2,19,1035,31,4.0,26.0,3.258096538021482,1.3862943611198906
722577854290487,2021,2,19,1035,45,5.9,25.0,3.2188758248682006,1.7749523509116738
73595408010538,2006,2,19,1057,1,10.8,65.0,4.174387269895637,2.379546134130174
73595408010538,2006,2,19,1057,4,12.0,67.0,4.204692619390966,2.4849066497880004
73595408010538,2006,2,19,1057,7,6.2,50.0,3.912023005428146,1.824549292051046
73595408010538,2006,2,19,1057,8,6.0,47.0,3.8501476017100584,1.791759469228055
73595408010538,2006,2,19,1057,12,12.8,71.0,4.2626798770413155,2.5494451709255714
250845350489998,2015,2,19,1057,18,9.7,52.0,3.9512437185814275,2.272125885509337
250845350489998,2015,2,19,1057,34,7.5,50.0,3.912023005428146,2.0149030205422647
618642460126144,2020,2,19,1086,1,11.0,57.0,4.04305126783455,2.3978952727983707
618642460126144,2020,2,19,1086,10,9.9,50.0,3.912023005428146,2.2925347571405443
618642460126144,2020,2,19,1086,18,5.5,34.0,3.5263605246161616,1.7047480922384253
464691477489998,2018,2,19,1131,1,7.3,40.0,3.6888794541139363,1.9878743481543455
464691477489998,2018,2,19,1131,4,12.3,64.0,4.1588830833596715,2.509599262378372
464691477489998,2018,2,19,1131,5,9.0,51.0,3.9318256327243257,2.1972245773362196
464691477489998,2018,2,19,1131,6,8.2,47.0,3.8501476017100584,2.1041341542702074
464691477489998,2018,2,19,1131,7,8.4,43.0,3.7612001156935624,2.128231705849268
464691477489998,2018,2,19,1131,9,7.6,39.0,3.6635616461296463,2.028148247292285
464691477489998,2018,2,19,1131,10,6.1,33.0,3.4965075614664802,1.8082887711792655
122567058010661,2007,2,19,1131,12,9.2,48.0,3.871201010907891,2.2192034840549946
464691477489998,2018,2,19,1131,13,9.9,42.0,3.7376696182833684,2.2925347571405443
464691477489998,2018,2,19,1131,17,5.3,33.0,3.4965075614664802,1.667706820558076
464691477489998,2018,2,19,1131,20,4.5,36.0,3.58351893845611,1.5040773967762742
464691477489998,2018,2,19,1131,22,5.6,37.0,3.6109179126442243,1.7227665977411035
464691477489998,2018,2,19,1131,23,7.0,40.0,3.6888794541139363,1.9459101490553132
464691477489998,2018,2,19,1131,27,6.1,42.0,3.7376696182833684,1.8082887711792655
464691477489998,2018,2,19,1131,28,5.4,35.0,3.5553480614894135,1.6863989535702288
511268767126144,2019,2,19,1160,6,7.2,38.0,3.6375861597263857,1.9740810260220096
118137598010661,2008,2,19,1160,7,11.6,59.0,4.07753744390572,2.451005098112319
511268767126144,2019,2,19,1160,22,6.5,33.0,3.4965075614664802,1.8718021769015913
122566976010661,2007,2,19,1168,7,9.1,45.0,3.8066624897703196,2.2082744135228043
722577797290487,2021,2,19,1188,21,6.0,43.0,3.7612001156935624,1.791759469228055
722577797290487,2021,2,19,1188,22,9.4,62.0,4.127134385045092,2.2407096892759584
722577797290487,2021,2,19,1188,23,10.8,63.0,4.143134726391533,2.379546134130174
375519161489998,2017,2,19,1208,9,8.4,51.0,3.9318256327243257,2.128231705849268
375519161489998,2017,2,19,1208,10,7.1,54.0,3.9889840465642745,1.9600947840472698
375519161489998,2017,2,19,1208,15,9.3,64.0,4.1588830833596715,2.2300144001592104
375519161489998,2017,2,19,1208,20,6.5,48.0,3.871201010907891,1.8718021769015913
73596217010538,2006,2,19,1224,6,7.6,26.0,3.258096538021482,2.028148247292285
722577827290487,2021,2,19,1338,8,11.0,50.0,3.912023005428146,2.3978952727983707
1192967916290487,2023,2,19,1396,1,6.2,50.0,3.912023005428146,1.824549292051046
306275648489998,2016,2,19,1396,2,10.1,56.0,4.02535169073515,2.312535423847214
1192967916290487,2023,2,19,1396,3,10.7,60.0,4.0943445622221,2.3702437414678603
306275648489998,2016,2,19,1396,4,7.9,50.0,3.912023005428146,2.066862759472976
1192967916290487,2023,2,19,1396,5,6.1,38.0,3.6375861597263857,1.8082887711792655
1192967916290487,2023,2,19,1396,7,10.3,66.0,4.189654742026425,2.33214389523559
1192967916290487,2023,2,19,1396,9,10.1,53.0,3.970291913552122,2.312535423847214
306275648489998,2016,2,19,1396,10,11.6,59.0,4.07753744390572,2.451005098112319
1192967916290487,2023,2,19,1396,11,10.5,43.0,3.7612001156935624,2.3513752571634776
1192967916290487,2023,2,19,1396,13,13.8,64.0,4.1588830833596715,2.624668592163159
169112127010661,2010,2,19,1396,14,8.9,65.0,4.174387269895637,2.186051276738094
722577821290487,2021,2,19,1511,3,2.0,12.0,2.4849066497880004,0.6931471805599453
722577821290487,2021,2,19,1511,4,12.0,66.0,4.189654742026425,2.4849066497880004
171871719020004,2014,2,19,1511,5,11.2,69.0,4.23410650459726,2.4159137783010487
144988471010661,2009,2,19,1511,7,5.9,37.0,3.6109179126442243,1.7749523509116738
722577821290487,2021,2,19,1511,9,6.9,41.0,3.713572066704308,1.9315214116032138
144988471010661,2009,2,19,1511,11,5.3,37.0,3.6109179126442243,1.667706820558076
1192967855290487,2023,2,23,40,16,2.1,14.0,2.6390573296152584,0.7419373447293773
1192967855290487,2023,2,23,40,17,1.1,9.0,2.1972245773362196,0.09531017980432493
816545919290487,2022,2,23,48,2,6.2,46.0,3.828641396489095,1.824549292051046
816545919290487,2022,2,23,48,3,13.9,64.0,4.1588830833596715,2.631888840136646
816545919290487,2022,2,23,48,4,9.2,49.0,3.8918202981106265,2.2192034840549946
816545919290487,2022,2,23,48,5,12.4,61.0,4.110873864173311,2.517696472610991
816545919290487,2022,2,23,48,6,14.1,74.0,4.30406509320417,2.6461747973841225
816545919290487,2022,2,23,48,9,13.2,65.0,4.174387269895637,2.580216829592325
816545919290487,2022,2,23,48,10,7.3,45.0,3.8066624897703196,1.9878743481543455
169112151010661,2010,2,23,48,11,7.1,33.0,3.4965075614664802,1.9600947840472698
816545919290487,2022,2,23,48,13,14.2,70.0,4.248495242049359,2.653241964607215
816545919290487,2022,2,23,48,14,11.7,72.0,4.276666119016055,2.4595888418037104
816545919290487,2022,2,23,48,15,5.4,39.0,3.6635616461296463,1.6863989535702288
169112151010661,2010,2,23,48,16,11.7,74.0,4.30406509320417,2.4595888418037104
169112151010661,2010,2,23,48,17,10.1,59.0,4.07753744390572,2.312535423847214
816545919290487,2022,2,23,48,19,5.2,35.0,3.5553480614894135,1.6486586255873816
816545919290487,2022,2,23,48,25,8.7,61.0,4.110873864173311,2.163323025660538
1287180422290487,2024,2,23,94,8,11.0,64.0,4.1588830833596715,2.3978952727983707
222468886010661,2011,2,23,94,9,11.9,66.0,4.189654742026425,2.4765384001174837
1192967929290487,2023,2,23,117,1,8.9,46.0,3.828641396489095,2.186051276738094
1192967899290487,2023,2,23,160,1,9.9,53.0,3.970291913552122,2.2925347571405443
1192967899290487,2023,2,23,160,3,10.6,46.0,3.828641396489095,2.3608540011180215
306275631489998,2016,2,23,160,9,10.8,88.0,4.477336814478207,2.379546134130174
1192967899290487,2023,2,23,160,11,10.1,36.0,3.58351893845611,2.312535423847214
169112089010661,2010,2,23,160,12,8.2,70.0,4.248495242049359,2.1041341542702074
73601015010538,2006,2,23,160,13,6.1,50.0,3.912023005428146,1.8082887711792655
73601015010538,2006,2,23,160,14,6.5,48.0,3.871201010907891,1.8718021769015913
73601015010538,2006,2,23,160,15,7.0,54.0,3.9889840465642745,1.9459101490553132
1192967899290487,2023,2,23,160,16,6.9,49.0,3.8918202981106265,1.9315214116032138
306275631489998,2016,2,23,160,17,9.8,48.0,3.871201010907891,2.2823823856765264
1192967899290487,2023,2,23,160,20,1.4,14.0,2.6390573296152584,0.3364722366212129
306275631489998,2016,2,23,160,23,8.8,65.0,4.174387269895637,2.174751721484161
722577803290487,2021,2,23,248,9,3.7,19.0,2.9444389791664403,1.308332819650179
722577803290487,2021,2,23,248,20,1.3,9.0,2.1972245773362196,0.26236426446749106
722577803290487,2021,2,23,248,25,1.3,9.0,2.1972245773362196,0.26236426446749106
1192967861290487,2023,2,23,277,6,12.5,71.0,4.2626798770413155,2.5257286443082556
73600630010538,2006,2,23,303,1,5.6,37.0,3.6109179126442243,1.7227665977411035
73600630010538,2006,2,23,303,2,8.2,59.0,4.07753744390572,2.1041341542702074
73600630010538,2006,2,23,303,3,12.8,72.0,4.276666119016055,2.5494451709255714
73600630010538,2006,2,23,303,7,5.8,43.0,3.7612001156935624,1.7578579175523736
73600630010538,2006,2,23,303,9,7.6,46.0,3.828641396489095,2.028148247292285
1192967924290487,2023,2,23,303,10,9.0,61.0,4.110873864173311,2.1972245773362196
1192967924290487,2023,2,23,303,11,14.0,77.0,4.343805421853684,2.6390573296152584
1192967924290487,2023,2,23,303,12,9.8,62.0,4.127134385045092,2.2823823856765264
73600630010538,2006,2,23,303,14,6.2,40.0,3.6888794541139363,1.824549292051046
1192967924290487,2023,2,23,303,16,6.5,50.0,3.912023005428146,1.8718021769015913
1192967924290487,2023,2,23,303,19,7.6,50.0,3.912023005428146,2.028148247292285
1192967924290487,2023,2,23,303,22,7.9,50.0,3.912023005428146,2.066862759472976
306275656489998,2016,2,23,303,33,6.0,43.0,3.7612001156935624,1.791759469228055
16365545020004,2013,2,23,321,8,6.6,43.0,3.7612001156935624,1.8870696490323797
511268742126144,2019,2,23,321,11,5.1,25.0,3.2188758248682006,1.62924053973028
1287180454290487,2024,2,23,365,4,7.2,37.0,3.6109179126442243,1.9740810260220096
1287180454290487,2024,2,23,365,6,10.8,51.0,3.9318256327243257,2.379546134130174
1287180454290487,2024,2,23,365,10,7.5,51.0,3.9318256327243257,2.0149030205422647
1287180454290487,2024,2,23,365,11,7.7,49.0,3.8918202981106265,2.0412203288596382
1287180454290487,2024,2,23,365,13,5.5,40.0,3.6888794541139363,1.7047480922384253
1287180454290487,2024,2,23,365,14,7.5,54.0,3.9889840465642745,2.0149030205422647
1287180454290487,2024,2,23,365,15,6.9,48.0,3.871201010907891,1.9315214116032138
1287180454290487,2024,2,23,365,16,1.3,9.0,2.1972245773362196,0.26236426446749106
1287180454290487,2024,2,23,365,17,2.3,14.0,2.6390573296152584,0.8329091229351039
1287180454290487,2024,2,23,365,18,3.2,16.0,2.772588722239781,1.1631508098056809
1287180454290487,2024,2,23,365,21,6.7,36.0,3.58351893845611,1.9021075263969205
1287180454290487,2024,2,23,365,24,5.3,36.0,3.58351893845611,1.667706820558076
1287180454290487,2024,2,23,365,25,6.2,43.0,3.7612001156935624,1.824549292051046
375519198489998,2017,2,23,365,26,5.1,29.0,3.367295829986474,1.62924053973028
1287180454290487,2024,2,23,365,27,5.5,41.0,3.713572066704308,1.7047480922384253
816545987290487,2022,2,23,389,4,8.0,45.0,3.8066624897703196,2.0794415416798357
816545987290487,2022,2,23,389,6,8.0,48.0,3.871201010907891,2.0794415416798357
816545987290487,2022,2,23,389,7,6.3,49.0,3.8918202981106265,1.840549633397487
816545987290487,2022,2,23,389,10,6.4,37.0,3.6109179126442243,1.8562979903656263
62282555010538,2005,2,23,389,11,6.1,50.0,3.912023005428146,1.8082887711792655
816545987290487,2022,2,23,389,12,11.1,66.0,4.189654742026425,2.4069451083182885
144988435010661,2009,2,23,389,14,5.5,41.0,3.713572066704308,1.7047480922384253
816545987290487,2022,2,23,389,15,5.5,26.0,3.258096538021482,1.7047480922384253
816545987290487,2022,2,23,389,16,8.5,60.0,4.0943445622221,2.1400661634962708
816545987290487,2022,2,23,389,17,6.8,50.0,3.912023005428146,1.916922612182061
144988435010661,2009,2,23,389,20,8.2,48.0,3.871201010907891,2.1041341542702074
816545987290487,2022,2,23,389,21,9.9,64.0,4.1588830833596715,2.2925347571405443
816545987290487,2022,2,23,389,22,10.3,64.0,4.1588830833596715,2.33214389523559
375519132489998,2017,2,23,516,4,13.9,80.0,4.382026634673881,2.631888840136646
1287180388290487,2024,2,23,516,30,15.1,82.0,4.406719247264253,2.714694743820879
1192967923290487,2023,2,23,558,1,4.0,25.0,3.2188758248682006,1.3862943611198906
1192967923290487,2023,2,23,558,2,16.0,67.0,4.204692619390966,2.772588722239781
1192967923290487,2023,2,23,558,3,6.3,40.0,3.6888794541139363,1.840549633397487
1192967923290487,2023,2,23,558,4,11.0,42.0,3.7376696182833684,2.3978952727983707
1192967923290487,2023,2,23,558,5,8.5,46.0,3.828641396489095,2.1400661634962708
1192967923290487,2023,2,23,558,6,11.5,60.0,4.0943445622221,2.4423470353692043
1192967923290487,2023,2,23,558,13,8.4,52.0,3.9512437185814275,2.128231705849268
1192967923290487,2023,2,23,558,14,7.0,39.0,3.6635616461296463,1.9459101490553132
1192967923290487,2023,2,23,558,15,5.4,36.0,3.58351893845611,1.6863989535702288
1192967923290487,2023,2,23,558,16,9.5,59.0,4.07753744390572,2.2512917986064953
1192967923290487,2023,2,23,558,20,5.4,26.0,3.258096538021482,1.6863989535702288
1192967923290487,2023,2,23,558,21,1.8,11.0,2.3978952727983707,0.5877866649021191
118137544010661,2008,2,23,646,2,9.5,57.0,4.04305126783455,2.2512917986064953
118137544010661,2008,2,23,646,3,6.0,54.0,3.9889840465642745,1.791759469228055
16365485020004,2013,2,23,646,4,7.8,57.0,4.04305126783455,2.0541237336955462
16365485020004,2013,2,23,646,5,9.8,62.0,4.127134385045092,2.2823823856765264
16365485020004,2013,2,23,646,6,10.7,58.0,4.060443010546419,2.3702437414678603
16365485020004,2013,2,23,646,7,10.3,70.0,4.248495242049359,2.33214389523559
16365485020004,2013,2,23,646,8,6.7,37.0,3.6109179126442243,1.9021075263969205
118137750010661,2008,2,23,678,5,6.6,43.0,3.7612001156935624,1.8870696490323797
55957739010538,2003,2,23,678,6,11.7,61.0,4.110873864173311,2.4595888418037104
55957739010538,2003,2,23,678,7,5.9,35.0,3.5553480614894135,1.7749523509116738
464691450489998,2018,2,23,703,2,14.4,68.0,4.219507705176107,2.667228206581955
464691450489998,2018,2,23,703,7,15.5,82.0,4.406719247264253,2.740840023925201
464691450489998,2018,2,23,703,9,17.4,79.0,4.3694478524670215,2.856470206220483
464691450489998,2018,2,23,703,20,7.3,40.0,3.6888794541139363,1.9878743481543455
464691450489998,2018,2,23,703,21,9.1,45.0,3.8066624897703196,2.2082744135228043
464691450489998,2018,2,23,703,29,9.4,70.0,4.248495242049359,2.2407096892759584
1287180419290487,2024,2,23,771,39,7.3,43.0,3.7612001156935624,1.9878743481543455
1287180419290487,2024,2,23,771,63,10.0,65.0,4.174387269895637,2.302585092994046
73601641010538,2006,2,23,804,5,5.8,30.0,3.4011973816621555,1.7578579175523736
73601641010538,2006,2,23,804,8,6.7,34.0,3.5263605246161616,1.9021075263969205
1192967857290487,2023,2,23,804,21,7.8,34.0,3.5263605246161616,2.0541237336955462
1192967857290487,2023,2,23,804,23,8.3,45.0,3.8066624897703196,2.1162555148025524
1192967857290487,2023,2,23,804,26,7.9,40.0,3.6888794541139363,2.066862759472976
511268771126144,2019,2,23,820,1,11.7,65.0,4.174387269895637,2.4595888418037104
511268771126144,2019,2,23,820,2,5.9,45.0,3.8066624897703196,1.7749523509116738
511268771126144,2019,2,23,820,3,9.3,65.0,4.174387269895637,2.2300144001592104
511268771126144,2019,2,23,820,4,17.5,75.0,4.31748811353631,2.8622008809294686
511268771126144,2019,2,23,820,8,9.2,64.0,4.1588830833596715,2.2192034840549946
16365424020004,2013,2,23,820,9,5.0,50.0,3.912023005428146,1.6094379124341003
511268771126144,2019,2,23,820,10,5.0,55.0,4.007333185232471,1.6094379124341003
722577833290487,2021,2,23,823,8,2.5,14.0,2.6390573296152584,0.9162907318741551
722577833290487,2021,2,23,823,10,4.7,23.0,3.1354942159291497,1.547562508716013
722577833290487,2021,2,23,823,12,5.8,33.0,3.4965075614664802,1.7578579175523736
222468834010661,2011,2,23,837,2,15.3,65.0,4.174387269895637,2.72785282839839
1192967858290487,2023,2,23,837,4,7.9,36.0,3.58351893845611,2.066862759472976
1192967858290487,2023,2,23,837,5,10.9,55.0,4.007333185232471,2.388762789235098
1192967858290487,2023,2,23,837,6,10.2,50.0,3.912023005428146,2.322387720290225
1192967858290487,2023,2,23,837,8,5.8,35.0,3.5553480614894135,1.7578579175523736
1192967858290487,2023,2,23,837,10,12.9,63.0,4.143134726391533,2.5572273113676265
222468834010661,2011,2,23,837,11,8.9,48.0,3.871201010907891,2.186051276738094
222468834010661,2011,2,23,837,12,6.5,39.0,3.6635616461296463,1.8718021769015913
1192967858290487,2023,2,23,837,13,5.7,34.0,3.5263605246161616,1.7404661748405046
222468834010661,2011,2,23,837,15,5.7,35.0,3.5553480614894135,1.7404661748405046
222468834010661,2011,2,23,837,16,5.3,39.0,3.6635616461296463,1.667706820558076
1192967858290487,2023,2,23,837,18,5.0,34.0,3.5263605246161616,1.6094379124341003
1192967858290487,2023,2,23,837,20,1.7,7.0,1.9459101490553132,0.5306282510621704
618642476126144,2020,2,23,870,4,18.3,74.0,4.30406509320417,2.9069010598473755
16365536020004,2013,2,23,870,5,13.2,71.0,4.2626798770413155,2.580216829592325
618642476126144,2020,2,23,870,14,2.2,10.0,2.302585092994046,0.7884573603642703
16365487020004,2013,2,23,885,3,14.5,69.0,4.23410650459726,2.6741486494265287
247064673010661,2012,2,23,921,10,4.2,28.0,3.332204510175204,1.4350845252893227
247064673010661,2012,2,23,921,11,3.0,20.0,2.995732273553991,1.0986122886681098
247064673010661,2012,2,23,921,29,2.0,9.0,2.1972245773362196,0.6931471805599453
122567000010661,2007,2,23,959,2,1.5,8.0,2.0794415416798357,0.4054651081081644
511267898126144,2019,2,23,959,4,8.0,62.0,4.127134385045092,2.0794415416798357
511267898126144,2019,2,23,959,5,10.7,64.0,4.1588830833596715,2.3702437414678603
511267898126144,2019,2,23,959,7,6.9,39.0,3.6635616461296463,1.9315214116032138
511267898126144,2019,2,23,959,9,6.6,28.0,3.332204510175204,1.8870696490323797
511267898126144,2019,2,23,959,14,10.0,25.0,3.2188758248682006,2.302585092994046
511267898126144,2019,2,23,959,21,6.4,41.0,3.713572066704308,1.8562979903656263
511267898126144,2019,2,23,959,24,6.8,60.0,4.0943445622221,1.916922612182061
511267897126144,2019,2,23,970,6,6.0,35.0,3.5553480614894135,1.791759469228055
62282957010538,2005,2,23,1026,13,8.5,55.0,4.007333185232471,2.1400661634962708
816545900290487,2022,2,23,1026,14,2.0,15.0,2.70805020110221,0.6931471805599453
816545900290487,2022,2,23,1026,15,2.4,16.0,2.772588722239781,0.8754687373538999
816545900290487,2022,2,23,1026,16,2.2,16.0,2.772588722239781,0.7884573603642703
816545900290487,2022,2,23,1026,18,5.1,33.0,3.4965075614664802,1.62924053973028
511267900126144,2019,2,23,1037,3,11.3,80.0,4.382026634673881,2.424802725718295
511267900126144,2019,2,23,1037,6,5.9,39.0,3.6635616461296463,1.7749523509116738
122567010010661,2007,2,23,1037,7,17.8,88.0,4.477336814478207,2.8791984572980396
511267900126144,2019,2,23,1037,9,19.0,84.0,4.430816798843313,2.9444389791664403
171871687020004,2014,2,23,1047,13,7.3,43.0,3.7612001156935624,1.9878743481543455
375519196489998,2017,2,23,1103,2,11.3,59.0,4.07753744390572,2.424802725718295
375519196489998,2017,2,23,1103,4,6.5,42.0,3.7376696182833684,1.8718021769015913
375519196489998,2017,2,23,1103,6,8.2,38.0,3.6375861597263857,2.1041341542702074
375519196489998,2017,2,23,1103,8,11.0,51.0,3.9318256327243257,2.3978952727983707
375519196489998,2017,2,23,1103,9,10.0,55.0,4.007333185232471,2.302585092994046
73600507010538,2006,2,23,1103,11,6.2,30.0,3.4011973816621555,1.824549292051046
375519196489998,2017,2,23,1103,15,5.8,37.0,3.6109179126442243,1.7578579175523736
375519196489998,2017,2,23,1103,34,6.1,37.0,3.6109179126442243,1.8082887711792655
73600507010538,2006,2,23,1103,39,5.1,26.0,3.258096538021482,1.62924053973028
375519196489998,2017,2,23,1103,41,5.0,28.0,3.332204510175204,1.6094379124341003
306275588489998,2016,2,23,1184,1,15.7,75.0,4.31748811353631,2.7536607123542622
1192967856290487,2023,2,23,1184,3,7.4,49.0,3.8918202981106265,2.0014800002101243
306275588489998,2016,2,23,1184,10,15.6,64.0,4.1588830833596715,2.747270914255491
1192967856290487,2023,2,23,1184,13,7.9,44.0,3.784189633918261,2.066862759472976
1192967856290487,2023,2,23,1184,19,6.4,41.0,3.713572066704308,1.8562979903656263
1192967856290487,2023,2,23,1184,22,5.1,27.0,3.295836866004329,1.62924053973028
1192967856290487,2023,2,23,1184,23,7.4,45.0,3.8066624897703196,2.0014800002101243
1192967856290487,2023,2,23,1184,24,5.6,32.0,3.4657359027997265,1.7227665977411035
1192967856290487,2023,2,23,1184,30,2.2,15.0,2.70805020110221,0.7884573603642703
1192967856290487,2023,2,23,1184,31,7.0,42.0,3.7376696182833684,1.9459101490553132
1192967856290487,2023,2,23,1184,34,1.4,9.0,2.1972245773362196,0.3364722366212129
722577768290487,2021,2,23,1215,4,5.5,38.0,3.6375861597263857,1.7047480922384253
144988509010661,2009,2,23,1215,14,5.5,38.0,3.6375861597263857,1.7047480922384253
722577768290487,2021,2,23,1215,17,5.7,35.0,3.5553480614894135,1.7404661748405046
722577839290487,2021,2,23,1218,4,11.4,65.0,4.174387269895637,2.4336133554004498
171871744020004,2014,2,23,1218,17,7.7,38.0,3.6375861597263857,2.0412203288596382
722577839290487,2021,2,23,1218,18,1.4,9.0,2.1972245773362196,0.3364722366212129
722577839290487,2021,2,23,1218,19,6.4,37.0,3.6109179126442243,1.8562979903656263
722577802290487,2021,2,23,1229,1,7.9,50.0,3.912023005428146,2.066862759472976
55971607010538,2004,2,23,1229,2,12.4,55.0,4.007333185232471,2.517696472610991
55971607010538,2004,2,23,1229,4,8.9,36.0,3.58351893845611,2.186051276738094
722577802290487,2021,2,23,1229,5,6.5,41.0,3.713572066704308,1.8718021769015913
722577802290487,2021,2,23,1229,6,6.5,42.0,3.7376696182833684,1.8718021769015913
722577802290487,2021,2,23,1229,9,8.2,52.0,3.9512437185814275,2.1041341542702074
722577802290487,2021,2,23,1229,26,1.0,9.0,2.1972245773362196,0.0
73600868010538,2006,2,23,1266,1,5.7,36.0,3.58351893845611,1.7404661748405046
1287180374290487,2024,2,23,1266,20,5.1,23.0,3.1354942159291497,1.62924053973028
1287180374290487,2024,2,23,1266,23,1.6,11.0,2.3978952727983707,0.47000362924573563
1287180360290487,2024,2,23,1279,7,8.4,50.0,3.912023005428146,2.128231705849268
73601980010538,2006,2,23,1279,10,2.7,15.0,2.70805020110221,0.9932517730102834
618642471126144,2020,2,23,1331,2,12.9,69.0,4.23410650459726,2.5572273113676265
618642471126144,2020,2,23,1331,3,7.6,58.0,4.060443010546419,2.028148247292285
618642471126144,2020,2,23,1331,7,10.9,72.0,4.276666119016055,2.388762789235098
618642471126144,2020,2,23,1331,8,13.6,73.0,4.290459441148391,2.6100697927420065
618642471126144,2020,2,23,1331,15,12.9,62.0,4.127134385045092,2.5572273113676265
118137558010661,2008,2,23,1331,16,10.6,62.0,4.127134385045092,2.3608540011180215
618642471126144,2020,2,23,1331,17,14.4,62.0,4.127134385045092,2.667228206581955
618642471126144,2020,2,23,1331,27,4.1,24.0,3.1780538303479458,1.410986973710262
618642467126144,2020,2,23,1388,12,11.6,59.0,4.07753744390572,2.451005098112319
618642467126144,2020,2,23,1388,22,5.5,26.0,3.258096538021482,1.7047480922384253
618642467126144,2020,2,23,1388,37,5.8,40.0,3.6888794541139363,1.7578579175523736
618642467126144,2020,2,23,1388,39,7.4,38.0,3.6375861597263857,2.0014800002101243
511267899126144,2019,2,23,1398,10,1.2,10.0,2.302585092994046,0.1823215567939546
816545980290487,2022,2,23,1439,1,8.3,40.0,3.6888794541139363,2.1162555148025524
816545980290487,2022,2,23,1439,6,8.7,54.0,3.9889840465642745,2.163323025660538
250845351489998,2015,2,23,1439,19,13.8,71.0,4.2626798770413155,2.624668592163159
169112145010661,2010,2,23,1439,24,6.3,41.0,3.713572066704308,1.840549633397487
816545980290487,2022,2,23,1439,27,6.2,44.0,3.784189633918261,1.824549292051046
816545980290487,2022,2,23,1439,33,9.7,68.0,4.219507705176107,2.272125885509337
306275591489998,2016,2,23,1465,1,1.7,6.0,1.791759469228055,0.5306282510621704
1192967859290487,2023,2,23,1465,2,2.5,11.0,2.3978952727983707,0.9162907318741551
1192967859290487,2023,2,23,1465,7,10.0,50.0,3.912023005428146,2.302585092994046
1192967859290487,2023,2,23,1465,10,1.4,7.0,1.9459101490553132,0.3364722366212129
1192967859290487,2023,2,23,1465,11,1.1,6.0,1.791759469228055,0.09531017980432493
722577907290487,2021,2,23,3289,8,8.2,50.0,3.912023005428146,2.1041341542702074
722577907290487,2021,2,23,3289,9,6.7,48.0,3.871201010907891,1.9021075263969205
722577907290487,2021,2,23,3289,10,7.8,49.0,3.8918202981106265,2.0541237336955462
722577907290487,2021,2,23,3289,11,7.6,52.0,3.9512437185814275,2.028148247292285
722577907290487,2021,2,23,3289,12,10.1,57.0,4.04305126783455,2.312535423847214
722577907290487,2021,2,23,3289,13,5.8,33.0,3.4965075614664802,1.7578579175523736
722577907290487,2021,2,23,3289,15,11.5,58.0,4.060443010546419,2.4423470353692043
722577907290487,2021,2,23,3289,16,10.6,49.0,3.8918202981106265,2.3608540011180215
722577907290487,2021,2,23,3289,17,8.3,53.0,3.970291913552122,2.1162555148025524
722577907290487,2021,2,23,3289,19,7.8,53.0,3.970291913552122,2.0541237336955462
722577907290487,2021,2,23,3289,21,6.1,46.0,3.828641396489095,1.8082887711792655
722577907290487,2021,2,23,3289,22,9.0,60.0,4.0943445622221,2.1972245773362196
722577907290487,2021,2,23,3289,23,6.1,45.0,3.8066624897703196,1.8082887711792655
722577907290487,2021,2,23,3289,24,9.1,60.0,4.0943445622221,2.2082744135228043
511267954126144,2019,3,1,140,3,5.6,25.0,3.2188758248682006,1.7227665977411035
511267954126144,2019,3,1,140,5,5.6,18.0,2.8903717578961645,1.7227665977411035
816545898290487,2022,3,1,180,1,2.3,12.0,2.4849066497880004,0.8329091229351039
816545898290487,2022,3,1,180,9,1.2,9.0,2.1972245773362196,0.1823215567939546
1287180390290487,2024,3,1,185,12,1.9,10.0,2.302585092994046,0.6418538861723947
1287180390290487,2024,3,1,185,13,1.2,9.0,2.1972245773362196,0.1823215567939546
1287180390290487,2024,3,1,185,18,2.1,9.0,2.1972245773362196,0.7419373447293773
55961156010538,2004,3,1,265,6,7.9,45.0,3.8066624897703196,2.066862759472976
618642543126144,2020,3,1,265,15,9.1,54.0,3.9889840465642745,2.2082744135228043
1192967934290487,2023,3,1,269,1,8.4,36.0,3.58351893845611,2.128231705849268
1192967934290487,2023,3,1,269,2,16.1,52.0,3.9512437185814275,2.7788192719904172
1192967934290487,2023,3,1,269,6,7.3,31.0,3.4339872044851463,1.9878743481543455
1192967934290487,2023,3,1,269,13,13.2,41.0,3.713572066704308,2.580216829592325
1192967934290487,2023,3,1,269,21,3.2,20.0,2.995732273553991,1.1631508098056809
1192967934290487,2023,3,1,269,22,10.0,42.0,3.7376696182833684,2.302585092994046
1192967934290487,2023,3,1,269,24,8.0,37.0,3.6109179126442243,2.0794415416798357
1192967934290487,2023,3,1,269,27,7.4,36.0,3.58351893845611,2.0014800002101243
1192967934290487,2023,3,1,269,33,6.6,35.0,3.5553480614894135,1.8870696490323797
1192967934290487,2023,3,1,269,37,6.1,36.0,3.58351893845611,1.8082887711792655
1192967934290487,2023,3,1,269,38,6.9,30.0,3.4011973816621555,1.9315214116032138
1192967934290487,2023,3,1,269,48,5.9,31.0,3.4339872044851463,1.7749523509116738
1192967934290487,2023,3,1,269,56,6.4,33.0,3.4965075614664802,1.8562979903656263
1192967934290487,2023,3,1,269,58,6.2,31.0,3.4339872044851463,1.824549292051046
1192967934290487,2023,3,1,269,61,5.5,33.0,3.4965075614664802,1.7047480922384253
618642502126144,2020,3,1,313,7,7.2,49.0,3.8918202981106265,1.9740810260220096
618642502126144,2020,3,1,313,15,2.1,11.0,2.3978952727983707,0.7419373447293773
618642502126144,2020,3,1,313,16,2.9,17.0,2.833213344056216,1.0647107369924282
618642502126144,2020,3,1,313,17,2.9,18.0,2.8903717578961645,1.0647107369924282
618642502126144,2020,3,1,313,20,1.5,9.0,2.1972245773362196,0.4054651081081644
618642502126144,2020,3,1,313,21,5.5,24.0,3.1780538303479458,1.7047480922384253
618642502126144,2020,3,1,313,22,5.4,36.0,3.58351893845611,1.6863989535702288
618642502126144,2020,3,1,313,23,1.2,9.0,2.1972245773362196,0.1823215567939546
618642502126144,2020,3,1,313,33,6.4,39.0,3.6635616461296463,1.8562979903656263
618642502126144,2020,3,1,313,49,2.5,18.0,2.8903717578961645,0.9162907318741551
816546046290487,2022,3,1,325,25,2.3,11.0,2.3978952727983707,0.8329091229351039
816546046290487,2022,3,1,325,32,2.2,15.0,2.70805020110221,0.7884573603642703
816546046290487,2022,3,1,325,33,6.2,25.0,3.2188758248682006,1.824549292051046
816546046290487,2022,3,1,325,36,6.3,26.0,3.258096538021482,1.840549633397487
816546046290487,2022,3,1,325,43,6.6,25.0,3.2188758248682006,1.8870696490323797
816546046290487,2022,3,1,325,44,8.8,27.0,3.295836866004329,2.174751721484161
816546046290487,2022,3,1,325,46,1.2,8.0,2.0794415416798357,0.1823215567939546
816546046290487,2022,3,1,325,47,5.9,23.0,3.1354942159291497,1.7749523509116738
816546046290487,2022,3,1,325,48,5.0,22.0,3.091042453358316,1.6094379124341003
816546046290487,2022,3,1,325,50,5.5,23.0,3.1354942159291497,1.7047480922384253
816546046290487,2022,3,1,325,51,5.4,24.0,3.1780538303479458,1.6863989535702288
618642501126144,2020,3,1,425,33,1.8,10.0,2.302585092994046,0.5877866649021191
247064833010661,2012,3,1,440,6,7.5,42.0,3.7376696182833684,2.0149030205422647
511267953126144,2019,3,1,440,8,6.1,30.0,3.4011973816621555,1.8082887711792655
55947478010538,2003,3,1,564,6,6.1,35.0,3.5553480614894135,1.8082887711792655
55947478010538,2003,3,1,564,7,10.5,47.0,3.8501476017100584,2.3513752571634776
55947478010538,2003,3,1,564,8,11.1,67.0,4.204692619390966,2.4069451083182885
55947478010538,2003,3,1,564,9,11.9,70.0,4.248495242049359,2.4765384001174837
511268794126144,2019,3,1,564,15,1.9,13.0,2.5649493574615367,0.6418538861723947
511268794126144,2019,3,1,564,17,6.3,43.0,3.7612001156935624,1.840549633397487
511268794126144,2019,3,1,564,19,12.5,70.0,4.248495242049359,2.5257286443082556
16365611020004,2013,3,1,564,20,12.2,65.0,4.174387269895637,2.501435951739211
511268794126144,2019,3,1,564,21,9.2,47.0,3.8501476017100584,2.2192034840549946
511268794126144,2019,3,1,564,22,6.5,34.0,3.5263605246161616,1.8718021769015913
511268794126144,2019,3,1,564,23,11.5,53.0,3.970291913552122,2.4423470353692043
511268794126144,2019,3,1,564,25,12.5,71.0,4.2626798770413155,2.5257286443082556
722577844290487,2021,3,1,582,5,5.4,24.0,3.1780538303479458,1.6863989535702288
722577844290487,2021,3,1,582,6,11.4,44.0,3.784189633918261,2.4336133554004498
464691010489998,2018,3,1,606,1,12.9,57.0,4.04305126783455,2.5572273113676265
464691010489998,2018,3,1,606,3,6.2,29.0,3.367295829986474,1.824549292051046
464691010489998,2018,3,1,606,4,8.1,41.0,3.713572066704308,2.0918640616783932
464691010489998,2018,3,1,606,5,6.7,24.0,3.1780538303479458,1.9021075263969205
464691010489998,2018,3,1,606,6,8.1,44.0,3.784189633918261,2.0918640616783932
464691010489998,2018,3,1,606,7,7.9,37.0,3.6109179126442243,2.066862759472976
464691010489998,2018,3,1,606,8,11.9,48.0,3.871201010907891,2.4765384001174837
464691010489998,2018,3,1,606,9,7.1,28.0,3.332204510175204,1.9600947840472698
464691010489998,2018,3,1,606,10,5.6,28.0,3.332204510175204,1.7227665977411035
464691010489998,2018,3,1,606,11,8.9,40.0,3.6888794541139363,2.186051276738094
464691010489998,2018,3,1,606,13,9.2,38.0,3.6375861597263857,2.2192034840549946
464691010489998,2018,3,1,606,14,6.7,34.0,3.5263605246161616,1.9021075263969205
464691010489998,2018,3,1,606,15,9.2,45.0,3.8066624897703196,2.2192034840549946
464691010489998,2018,3,1,606,16,10.4,40.0,3.6888794541139363,2.341805806147327
464691010489998,2018,3,1,606,17,10.9,48.0,3.871201010907891,2.388762789235098
464691010489998,2018,3,1,606,18,1.6,10.0,2.302585092994046,0.47000362924573563
464691010489998,2018,3,1,606,19,7.7,41.0,3.713572066704308,2.0412203288596382
464691010489998,2018,3,1,606,20,4.2,25.0,3.2188758248682006,1.4350845252893227
464691010489998,2018,3,1,606,21,2.8,16.0,2.772588722239781,1.0296194171811581
464691010489998,2018,3,1,606,22,7.9,35.0,3.5553480614894135,2.066862759472976
464691010489998,2018,3,1,606,23,5.8,28.0,3.332204510175204,1.7578579175523736
464691010489998,2018,3,1,606,24,6.6,33.0,3.4965075614664802,1.8870696490323797
464691010489998,2018,3,1,606,25,8.6,35.0,3.5553480614894135,2.151762203259462
464691010489998,2018,3,1,606,26,6.2,30.0,3.4011973816621555,1.824549292051046
464691010489998,2018,3,1,606,27,8.4,44.0,3.784189633918261,2.128231705849268
464691010489998,2018,3,1,606,28,5.9,32.0,3.4657359027997265,1.7749523509116738
464691010489998,2018,3,1,606,29,8.7,34.0,3.5263605246161616,2.163323025660538
464691010489998,2018,3,1,606,30,2.2,16.0,2.772588722239781,0.7884573603642703
464691010489998,2018,3,1,606,31,5.7,30.0,3.4011973816621555,1.7404661748405046
464691010489998,2018,3,1,606,32,3.4,25.0,3.2188758248682006,1.2237754316221157
464691010489998,2018,3,1,606,33,6.2,33.0,3.4965075614664802,1.824549292051046
464691010489998,2018,3,1,606,34,6.9,40.0,3.6888794541139363,1.9315214116032138
464691010489998,2018,3,1,606,35,5.1,29.0,3.367295829986474,1.62924053973028
464691010489998,2018,3,1,606,36,5.9,28.0,3.332204510175204,1.7749523509116738
464691010489998,2018,3,1,606,38,12.3,50.0,3.912023005428146,2.509599262378372
464691010489998,2018,3,1,606,39,2.9,14.0,2.6390573296152584,1.0647107369924282
464691010489998,2018,3,1,606,44,1.2,8.0,2.0794415416798357,0.1823215567939546
464691010489998,2018,3,1,606,45,6.0,30.0,3.4011973816621555,1.791759469228055
222468836010661,2011,3,1,651,5,5.2,40.0,3.6888794541139363,1.6486586255873816
1192967984290487,2023,3,1,704,13,2.2,12.0,2.4849066497880004,0.7884573603642703
1192967984290487,2023,3,1,704,21,5.4,30.0,3.4011973816621555,1.6863989535702288
1287180375290487,2024,3,1,816,1,4.3,25.0,3.2188758248682006,1.4586150226995167
1287180375290487,2024,3,1,816,2,2.7,18.0,2.8903717578961645,0.9932517730102834
1287180375290487,2024,3,1,816,8,13.1,58.0,4.060443010546419,2.5726122302071057
1287180375290487,2024,3,1,816,9,13.9,56.0,4.02535169073515,2.631888840136646
1287180375290487,2024,3,1,816,10,14.9,62.0,4.127134385045092,2.7013612129514133
1287180375290487,2024,3,1,816,11,1.1,7.0,1.9459101490553132,0.09531017980432493
1287180375290487,2024,3,1,816,12,1.0,9.0,2.1972245773362196,0.0
73609016010538,2006,3,1,816,14,8.9,44.0,3.784189633918261,2.186051276738094
464691423489998,2018,3,1,842,8,14.4,72.0,4.276666119016055,2.667228206581955
1192967933290487,2023,3,1,900,4,2.3,13.0,2.5649493574615367,0.8329091229351039
1192967933290487,2023,3,1,900,8,7.6,40.0,3.6888794541139363,2.028148247292285
618642503126144,2020,3,1,919,4,9.2,40.0,3.6888794541139363,2.2192034840549946
618642503126144,2020,3,1,919,5,5.0,35.0,3.5553480614894135,1.6094379124341003
722577772290487,2021,3,1,940,1,3.4,15.0,2.70805020110221,1.2237754316221157
722577772290487,2021,3,1,940,3,5.1,19.0,2.9444389791664403,1.62924053973028
722577772290487,2021,3,1,940,4,10.5,47.0,3.8501476017100584,2.3513752571634776
722577772290487,2021,3,1,940,5,13.1,53.0,3.970291913552122,2.5726122302071057
722577772290487,2021,3,1,940,12,1.3,8.0,2.0794415416798357,0.26236426446749106
722577772290487,2021,3,1,940,13,1.1,7.0,1.9459101490553132,0.09531017980432493
722577772290487,2021,3,1,940,14,6.2,40.0,3.6888794541139363,1.824549292051046
722577772290487,2021,3,1,940,15,3.0,12.0,2.4849066497880004,1.0986122886681098
722577772290487,2021,3,1,940,16,2.7,14.0,2.6390573296152584,0.9932517730102834
722577772290487,2021,3,1,940,18,1.4,9.0,2.1972245773362196,0.3364722366212129
73609859010538,2006,3,1,1023,6,17.9,69.0,4.23410650459726,2.884800712846709
73609859010538,2006,3,1,1023,7,5.7,26.0,3.258096538021482,1.7404661748405046
73609859010538,2006,3,1,1023,8,5.8,31.0,3.4339872044851463,1.7578579175523736
73609859010538,2006,3,1,1023,11,6.2,20.0,2.995732273553991,1.824549292051046
1192967983290487,2023,3,1,1023,16,9.8,50.0,3.912023005428146,2.2823823856765264
1192967983290487,2023,3,1,1023,17,20.2,72.0,4.276666119016055,3.005682604407159
1192967983290487,2023,3,1,1023,18,12.7,37.0,3.6109179126442243,2.5416019934645457
306275715489998,2016,3,1,1023,19,9.0,42.0,3.7376696182833684,2.1972245773362196
1192967983290487,2023,3,1,1023,20,8.2,43.0,3.7612001156935624,2.1041341542702074
1192967983290487,2023,3,1,1023,21,8.3,40.0,3.6888794541139363,2.1162555148025524
1192967983290487,2023,3,1,1023,22,6.1,37.0,3.6109179126442243,1.8082887711792655
1192967983290487,2023,3,1,1023,23,7.4,42.0,3.7376696182833684,2.0014800002101243
1192967983290487,2023,3,1,1023,24,9.3,30.0,3.4011973816621555,2.2300144001592104
1192967983290487,2023,3,1,1023,30,5.4,29.0,3.367295829986474,1.6863989535702288
1287180455290487,2024,3,1,1034,4,6.0,36.0,3.58351893845611,1.791759469228055
1287180455290487,2024,3,1,1034,6,11.0,50.0,3.912023005428146,2.3978952727983707
375519199489998,2017,3,1,1034,8,15.5,57.0,4.04305126783455,2.740840023925201
375519199489998,2017,3,1,1034,9,10.9,53.0,3.970291913552122,2.388762789235098
1287180455290487,2024,3,1,1034,10,9.9,53.0,3.970291913552122,2.2925347571405443
1287180455290487,2024,3,1,1034,14,2.5,12.0,2.4849066497880004,0.9162907318741551
1287180455290487,2024,3,1,1034,15,1.4,8.0,2.0794415416798357,0.3364722366212129
1287180455290487,2024,3,1,1034,16,5.1,25.0,3.2188758248682006,1.62924053973028
1287180455290487,2024,3,1,1034,17,6.0,35.0,3.5553480614894135,1.791759469228055
1287180455290487,2024,3,1,1034,18,5.1,30.0,3.4011973816621555,1.62924053973028
816545922290487,2022,3,1,1167,2,6.0,52.0,3.9512437185814275,1.791759469228055
816545922290487,2022,3,1,1167,5,16.3,80.0,4.382026634673881,2.791165107812717
816545922290487,2022,3,1,1167,12,1.5,10.0,2.302585092994046,0.4054651081081644
618642547126144,2020,3,1,1213,29,6.8,25.0,3.2188758248682006,1.916922612182061
16365609020004,2013,3,1,1213,35,5.9,24.0,3.1780538303479458,1.7749523509116738
618642547126144,2020,3,1,1213,44,2.0,14.0,2.6390573296152584,0.6931471805599453
1287180391290487,2024,3,1,1235,16,1.5,8.0,2.0794415416798357,0.4054651081081644
122567106010661,2007,3,1,1304,3,6.0,33.0,3.4965075614664802,1.791759469228055
1287180624290487,2024,3,1,1559,1,3.4,20.0,2.995732273553991,1.2237754316221157
816546060290487,2022,3,1,2521,5,7.0,27.0,3.295836866004329,1.9459101490553132
816546060290487,2022,3,1,2521,12,6.9,28.0,3.332204510175204,1.9315214116032138
816546060290487,2022,3,1,2521,13,6.5,30.0,3.4011973816621555,1.8718021769015913
816546060290487,2022,3,1,2521,16,8.8,33.0,3.4965075614664802,2.174751721484161
816546060290487,2022,3,1,2521,17,7.8,34.0,3.5263605246161616,2.0541237336955462
464691562489998,2018,3,1,2525,10,10.8,33.0,3.4965075614664802,2.379546134130174
464691562489998,2018,3,1,2525,18,10.4,36.0,3.58351893845611,2.341805806147327
464691562489998,2018,3,1,2525,24,9.5,37.0,3.6109179126442243,2.2512917986064953
464691562489998,2018,3,1,2525,34,6.8,38.0,3.6375861597263857,1.916922612182061
464691562489998,2018,3,1,2525,44,1.4,8.0,2.0794415416798357,0.3364722366212129
816546061290487,2022,3,1,2526,1,3.3,16.0,2.772588722239781,1.1939224684724346
816546061290487,2022,3,1,2526,2,3.6,18.0,2.8903717578961645,1.2809338454620642
816546061290487,2022,3,1,2526,5,7.2,52.0,3.9512437185814275,1.9740810260220096
171871838020004,2015,3,1,2526,9,16.2,70.0,4.248495242049359,2.785011242238338
171871838020004,2015,3,1,2526,11,6.9,44.0,3.784189633918261,1.9315214116032138
171871838020004,2015,3,1,2526,12,5.1,41.0,3.713572066704308,1.62924053973028
511268801126144,2019,3,1,2527,1,11.2,44.0,3.784189633918261,2.4159137783010487
511268801126144,2019,3,1,2527,2,8.3,44.0,3.784189633918261,2.1162555148025524
511268801126144,2019,3,1,2527,3,1.5,8.0,2.0794415416798357,0.4054651081081644
511268801126144,2019,3,1,2527,4,6.7,36.0,3.58351893845611,1.9021075263969205
511268801126144,2019,3,1,2527,5,13.4,44.0,3.784189633918261,2.5952547069568657
511268801126144,2019,3,1,2527,6,3.2,16.0,2.772588722239781,1.1631508098056809
511268801126144,2019,3,1,2527,7,7.9,40.0,3.6888794541139363,2.066862759472976
511268801126144,2019,3,1,2527,8,4.0,15.0,2.70805020110221,1.3862943611198906
511268801126144,2019,3,1,2527,13,9.5,44.0,3.784189633918261,2.2512917986064953
511268801126144,2019,3,1,2527,14,9.3,40.0,3.6888794541139363,2.2300144001592104
511268801126144,2019,3,1,2527,16,7.1,34.0,3.5263605246161616,1.9600947840472698
1192967999290487,2023,3,1,2564,1,1.8,11.0,2.3978952727983707,0.5877866649021191
1192967999290487,2023,3,1,2564,2,4.4,25.0,3.2188758248682006,1.4816045409242156
1192967999290487,2023,3,1,2564,5,6.2,35.0,3.5553480614894135,1.824549292051046
1192967999290487,2023,3,1,2564,6,6.0,35.0,3.5553480614894135,1.791759469228055
1192967999290487,2023,3,1,2564,7,6.5,31.0,3.4339872044851463,1.8718021769015913
1192967999290487,2023,3,1,2564,10,5.5,28.0,3.332204510175204,1.7047480922384253
722577904290487,2021,3,1,2566,1,3.2,18.0,2.8903717578961645,1.1631508098056809
722577904290487,2021,3,1,2566,2,1.9,12.0,2.4849066497880004,0.6418538861723947
722577904290487,2021,3,1,2566,5,2.6,14.0,2.6390573296152584,0.9555114450274363
816546062290487,2022,3,1,2568,3,6.8,40.0,3.6888794541139363,1.916922612182061
816546062290487,2022,3,1,2568,4,6.1,37.0,3.6109179126442243,1.8082887711792655
816546062290487,2022,3,1,2568,6,6.9,38.0,3.6375861597263857,1.9315214116032138
816546062290487,2022,3,1,2568,7,6.0,36.0,3.58351893845611,1.791759469228055
816546062290487,2022,3,1,2568,8,5.2,29.0,3.367295829986474,1.6486586255873816
722577909290487,2021,3,1,2569,1,3.4,21.0,3.044522437723423,1.2237754316221157
722577909290487,2021,3,1,2569,2,2.8,19.0,2.9444389791664403,1.0296194171811581
722577909290487,2021,3,1,2569,3,2.9,18.0,2.8903717578961645,1.0647107369924282
722577909290487,2021,3,1,2569,4,2.5,17.0,2.833213344056216,0.9162907318741551
722577909290487,2021,3,1,2569,6,8.7,35.0,3.5553480614894135,2.163323025660538
722577909290487,2021,3,1,2569,7,9.4,41.0,3.713572066704308,2.2407096892759584
722577909290487,2021,3,1,2569,11,6.0,33.0,3.4965075614664802,1.791759469228055
722577909290487,2021,3,1,2569,12,9.1,33.0,3.4965075614664802,2.2082744135228043
722577909290487,2021,3,1,2569,15,6.2,30.0,3.4011973816621555,1.824549292051046
722577909290487,2021,3,1,2569,16,5.7,25.0,3.2188758248682006,1.7404661748405046
722577909290487,2021,3,1,2569,17,5.4,28.0,3.332204510175204,1.6863989535702288
722577909290487,2021,3,1,2569,18,6.0,31.0,3.4339872044851463,1.791759469228055
722577909290487,2021,3,1,2569,19,5.1,23.0,3.1354942159291497,1.62924053973028
722577909290487,2021,3,1,2569,20,5.2,24.0,3.1780538303479458,1.6486586255873816
618642552126144,2020,3,1,2582,1,1.4,8.0,2.0794415416798357,0.3364722366212129
618642552126144,2020,3,1,2582,2,1.8,10.0,2.302585092994046,0.5877866649021191
618642552126144,2020,3,1,2582,5,16.1,70.0,4.248495242049359,2.7788192719904172
618642552126144,2020,3,1,2582,6,12.3,68.0,4.219507705176107,2.509599262378372
618642552126144,2020,3,1,2582,7,12.0,60.0,4.0943445622221,2.4849066497880004
16365632020004,2013,3,1,2582,8,10.7,65.0,4.174387269895637,2.3702437414678603
618642541126144,2020,3,3,79,8,1.4,8.0,2.0794415416798357,0.3364722366212129
618642541126144,2020,3,3,79,12,1.4,7.0,1.9459101490553132,0.3364722366212129
618642541126144,2020,3,3,79,13,1.2,7.0,1.9459101490553132,0.1823215567939546
16365435020004,2013,3,3,119,4,6.7,40.0,3.6888794541139363,1.9021075263969205
222468940010661,2011,3,3,243,2,5.0,33.0,3.4965075614664802,1.6094379124341003
1287180397290487,2024,3,3,243,3,5.2,40.0,3.6888794541139363,1.6486586255873816
1287180397290487,2024,3,3,243,4,11.9,63.0,4.143134726391533,2.4765384001174837
1287180397290487,2024,3,3,243,5,8.5,49.0,3.8918202981106265,2.1400661634962708
1287180397290487,2024,3,3,243,7,7.2,48.0,3.871201010907891,1.9740810260220096
1287180397290487,2024,3,3,243,9,10.2,55.0,4.007333185232471,2.322387720290225
1287180397290487,2024,3,3,243,11,6.8,44.0,3.784189633918261,1.916922612182061
73611907010538,2006,3,3,243,12,6.0,45.0,3.8066624897703196,1.791759469228055
1287180397290487,2024,3,3,243,13,7.3,52.0,3.9512437185814275,1.9878743481543455
1287180397290487,2024,3,3,243,14,12.2,62.0,4.127134385045092,2.501435951739211
1287180397290487,2024,3,3,243,15,7.0,53.0,3.970291913552122,1.9459101490553132
1287180397290487,2024,3,3,243,16,8.4,44.0,3.784189633918261,2.128231705849268
1287180397290487,2024,3,3,243,17,9.8,53.0,3.970291913552122,2.2823823856765264
1287180397290487,2024,3,3,243,19,9.5,55.0,4.007333185232471,2.2512917986064953
1287180397290487,2024,3,3,243,20,14.5,59.0,4.07753744390572,2.6741486494265287
1287180397290487,2024,3,3,243,21,9.7,55.0,4.007333185232471,2.272125885509337
1287180397290487,2024,3,3,243,26,12.6,65.0,4.174387269895637,2.533696813957432
1287180397290487,2024,3,3,243,27,8.4,53.0,3.970291913552122,2.128231705849268
1287180397290487,2024,3,3,243,28,7.0,38.0,3.6375861597263857,1.9459101490553132
1287180397290487,2024,3,3,243,33,5.0,28.0,3.332204510175204,1.6094379124341003
1287180397290487,2024,3,3,243,34,6.0,47.0,3.8501476017100584,1.791759469228055
1287180397290487,2024,3,3,243,35,5.9,48.0,3.871201010907891,1.7749523509116738
250845328489998,2015,3,3,244,1,4.4,17.0,2.833213344056216,1.4816045409242156
816545940290487,2022,3,3,244,4,7.2,45.0,3.8066624897703196,1.9740810260220096
250845328489998,2015,3,3,244,10,1.7,9.0,2.1972245773362196,0.5306282510621704
816545940290487,2022,3,3,244,11,1.0,7.0,1.9459101490553132,0.0
250845328489998,2015,3,3,244,16,1.3,9.0,2.1972245773362196,0.26236426446749106
816545940290487,2022,3,3,244,19,1.4,7.0,1.9459101490553132,0.3364722366212129
816546053290487,2022,3,3,258,33,9.2,38.0,3.6375861597263857,2.2192034840549946
62273322010538,2005,3,3,258,37,14.5,60.0,4.0943445622221,2.6741486494265287
816546053290487,2022,3,3,258,49,4.0,21.0,3.044522437723423,1.3862943611198906
816546053290487,2022,3,3,258,50,3.6,21.0,3.044522437723423,1.2809338454620642
816546053290487,2022,3,3,258,72,15.9,58.0,4.060443010546419,2.766319109226186
816546053290487,2022,3,3,258,73,9.8,43.0,3.7612001156935624,2.2823823856765264
464691541489998,2018,3,3,263,7,1.5,10.0,2.302585092994046,0.4054651081081644
464691541489998,2018,3,3,263,9,1.4,9.0,2.1972245773362196,0.3364722366212129
1192967982290487,2023,3,3,312,18,5.3,28.0,3.332204510175204,1.667706820558076
816545932290487,2022,3,3,329,3,13.1,72.0,4.276666119016055,2.5726122302071057
169112057010661,2010,3,3,329,4,6.9,55.0,4.007333185232471,1.9315214116032138
816545932290487,2022,3,3,329,6,16.2,80.0,4.382026634673881,2.785011242238338
816545932290487,2022,3,3,329,7,14.8,78.0,4.356708826689592,2.6946271807700692
250845324489998,2015,3,3,329,8,8.7,60.0,4.0943445622221,2.163323025660538
816545932290487,2022,3,3,329,10,20.0,87.0,4.465908118654584,2.995732273553991
816545932290487,2022,3,3,329,11,12.1,66.0,4.189654742026425,2.4932054526026954
816545932290487,2022,3,3,329,12,16.4,74.0,4.30406509320417,2.797281334830153
816545932290487,2022,3,3,329,15,13.8,74.0,4.30406509320417,2.624668592163159
816545932290487,2022,3,3,329,16,10.7,67.0,4.204692619390966,2.3702437414678603
816545932290487,2022,3,3,329,17,12.3,75.0,4.31748811353631,2.509599262378372
144988649010661,2009,3,3,361,3,18.6,72.0,4.276666119016055,2.9231615807191558
144988649010661,2009,3,3,361,14,5.9,32.0,3.4657359027997265,1.7749523509116738
816546040290487,2022,3,3,361,18,9.7,47.0,3.8501476017100584,2.272125885509337
144988649010661,2009,3,3,361,24,17.5,61.0,4.110873864173311,2.8622008809294686
816546040290487,2022,3,3,361,38,18.8,62.0,4.127134385045092,2.9338568698359038
464691543489998,2018,3,3,362,5,7.0,37.0,3.6109179126442243,1.9459101490553132
464691543489998,2018,3,3,362,8,4.5,29.0,3.367295829986474,1.5040773967762742
464691543489998,2018,3,3,362,11,5.7,38.0,3.6375861597263857,1.7404661748405046
464691543489998,2018,3,3,362,22,7.1,45.0,3.8066624897703196,1.9600947840472698
511268732126144,2019,3,3,383,1,11.2,56.0,4.02535169073515,2.4159137783010487
511268732126144,2019,3,3,383,2,10.4,41.0,3.713572066704308,2.341805806147327
511268732126144,2019,3,3,383,5,8.0,35.0,3.5553480614894135,2.0794415416798357
511268732126144,2019,3,3,383,16,1.3,8.0,2.0794415416798357,0.26236426446749106
16365585020004,2013,3,3,405,1,4.3,23.0,3.1354942159291497,1.4586150226995167
511268731126144,2019,3,3,405,2,19.5,64.0,4.1588830833596715,2.970414465569701
511268731126144,2019,3,3,405,3,16.4,63.0,4.143134726391533,2.797281334830153
511268731126144,2019,3,3,405,7,3.0,19.0,2.9444389791664403,1.0986122886681098
511268731126144,2019,3,3,405,9,5.4,30.0,3.4011973816621555,1.6863989535702288
511268731126144,2019,3,3,405,10,5.5,32.0,3.4657359027997265,1.7047480922384253
511268731126144,2019,3,3,405,11,12.6,54.0,3.9889840465642745,2.533696813957432
511268731126144,2019,3,3,405,13,12.6,58.0,4.060443010546419,2.533696813957432
511268731126144,2019,3,3,405,17,6.2,35.0,3.5553480614894135,1.824549292051046
816546041290487,2022,3,3,415,4,12.9,49.0,3.8918202981106265,2.5572273113676265
1287180368290487,2024,3,3,433,6,12.1,67.0,4.204692619390966,2.4932054526026954
122567252010661,2007,3,3,433,7,7.3,42.0,3.7376696182833684,1.9878743481543455
122567252010661,2007,3,3,433,9,6.1,41.0,3.713572066704308,1.8082887711792655
1287180368290487,2024,3,3,433,11,6.4,39.0,3.6635616461296463,1.8562979903656263
1287180368290487,2024,3,3,433,14,5.2,23.0,3.1354942159291497,1.6486586255873816
1287180368290487,2024,3,3,433,16,6.3,33.0,3.4965075614664802,1.840549633397487
1287180368290487,2024,3,3,433,19,5.2,25.0,3.2188758248682006,1.6486586255873816
816546023290487,2022,3,3,439,6,8.9,49.0,3.8918202981106265,2.186051276738094
118137594010661,2008,3,3,441,5,11.2,60.0,4.0943445622221,2.4159137783010487
118137594010661,2008,3,3,441,6,7.0,39.0,3.6635616461296463,1.9459101490553132
618642488126144,2020,3,3,441,9,13.7,69.0,4.23410650459726,2.617395832834079
618642447126144,2020,3,3,451,1,3.5,22.0,3.091042453358316,1.252762968495368
618642447126144,2020,3,3,451,3,9.8,53.0,3.970291913552122,2.2823823856765264
618642447126144,2020,3,3,451,7,8.2,51.0,3.9318256327243257,2.1041341542702074
618642447126144,2020,3,3,451,8,16.1,65.0,4.174387269895637,2.7788192719904172
618642447126144,2020,3,3,451,12,5.6,33.0,3.4965075614664802,1.7227665977411035
618642447126144,2020,3,3,451,26,1.4,9.0,2.1972245773362196,0.3364722366212129
73612936010538,2006,3,3,511,8,8.5,47.0,3.8501476017100584,2.1400661634962708
73612936010538,2006,3,3,511,9,7.9,42.0,3.7376696182833684,2.066862759472976
73612936010538,2006,3,3,511,13,8.6,43.0,3.7612001156935624,2.151762203259462
1192967987290487,2023,3,3,511,16,10.8,58.0,4.060443010546419,2.379546134130174
1192967987290487,2023,3,3,511,17,9.2,55.0,4.007333185232471,2.2192034840549946
306275719489998,2016,3,3,511,19,2.3,12.0,2.4849066497880004,0.8329091229351039
1192967987290487,2023,3,3,511,23,10.4,56.0,4.02535169073515,2.341805806147327
1287180508290487,2024,3,3,520,7,9.3,51.0,3.9318256327243257,2.2300144001592104
1287180508290487,2024,3,3,520,8,5.5,32.0,3.4657359027997265,1.7047480922384253
1287180508290487,2024,3,3,520,11,6.5,27.0,3.295836866004329,1.8718021769015913
1287180508290487,2024,3,3,520,12,9.6,50.0,3.912023005428146,2.2617630984737906
1287180508290487,2024,3,3,520,13,12.6,49.0,3.8918202981106265,2.533696813957432
1287180508290487,2024,3,3,520,14,11.9,53.0,3.970291913552122,2.4765384001174837
1287180508290487,2024,3,3,520,15,12.5,57.0,4.04305126783455,2.5257286443082556
1287180508290487,2024,3,3,520,18,8.3,44.0,3.784189633918261,2.1162555148025524
1287180508290487,2024,3,3,520,19,12.2,53.0,3.970291913552122,2.501435951739211
1287180508290487,2024,3,3,520,20,12.6,59.0,4.07753744390572,2.533696813957432
1287180508290487,2024,3,3,520,21,7.6,44.0,3.784189633918261,2.028148247292285
222469100010661,2011,3,3,520,26,9.8,43.0,3.7612001156935624,2.2823823856765264
1287180508290487,2024,3,3,520,27,12.6,50.0,3.912023005428146,2.533696813957432
1287180508290487,2024,3,3,520,28,6.7,37.0,3.6109179126442243,1.9021075263969205
1287180508290487,2024,3,3,520,29,5.7,26.0,3.258096538021482,1.7404661748405046
1287180508290487,2024,3,3,520,30,7.2,25.0,3.2188758248682006,1.9740810260220096
1287180508290487,2024,3,3,520,31,12.9,55.0,4.007333185232471,2.5572273113676265
1287180508290487,2024,3,3,520,33,5.1,28.0,3.332204510175204,1.62924053973028
1192967874290487,2023,3,3,545,2,3.0,15.0,2.70805020110221,1.0986122886681098
306275606489998,2016,3,3,545,13,1.2,11.0,2.3978952727983707,0.1823215567939546
375519142489998,2017,3,3,556,1,3.8,22.0,3.091042453358316,1.33500106673234
1287180398290487,2024,3,3,556,9,7.5,39.0,3.6635616461296463,2.0149030205422647
511267884126144,2019,3,3,617,11,13.2,59.0,4.07753744390572,2.580216829592325
247064730010661,2012,3,3,617,12,9.2,33.0,3.4965075614664802,2.2192034840549946
511267884126144,2019,3,3,617,17,2.3,14.0,2.6390573296152584,0.8329091229351039
62274403010538,2005,3,3,668,2,15.5,63.0,4.143134726391533,2.740840023925201
62274403010538,2005,3,3,668,6,11.6,70.0,4.248495242049359,2.451005098112319
62274403010538,2005,3,3,668,7,16.7,59.0,4.07753744390572,2.8154087194227095
62274403010538,2005,3,3,668,8,8.5,55.0,4.007333185232471,2.1400661634962708
62274403010538,2005,3,3,668,9,11.4,59.0,4.07753744390572,2.4336133554004498
816546047290487,2022,3,3,668,18,14.3,71.0,4.2626798770413155,2.6602595372658615
816546047290487,2022,3,3,668,19,12.2,73.0,4.290459441148391,2.501435951739211
816546047290487,2022,3,3,668,20,12.8,66.0,4.189654742026425,2.5494451709255714
816546047290487,2022,3,3,668,21,13.0,74.0,4.30406509320417,2.5649493574615367
816546047290487,2022,3,3,668,23,7.0,43.0,3.7612001156935624,1.9459101490553132
1287180510290487,2024,3,3,688,2,15.4,61.0,4.110873864173311,2.7343675094195836
1287180510290487,2024,3,3,688,5,9.0,35.0,3.5553480614894135,2.1972245773362196
375519254489998,2017,3,3,688,8,1.9,10.0,2.302585092994046,0.6418538861723947
1287180510290487,2024,3,3,688,12,6.0,27.0,3.295836866004329,1.791759469228055
1192967962290487,2023,3,3,714,8,16.5,73.0,4.290459441148391,2.803360380906535
1192967962290487,2023,3,3,714,10,5.1,34.0,3.5263605246161616,1.62924053973028
511267951126144,2019,3,3,747,10,5.1,29.0,3.367295829986474,1.62924053973028
73612362010538,2006,3,3,757,2,7.1,62.0,4.127134385045092,1.9600947840472698
1192967988290487,2023,3,3,757,17,5.6,42.0,3.7376696182833684,1.7227665977411035
1192967988290487,2023,3,3,757,18,7.4,50.0,3.912023005428146,2.0014800002101243
1192967988290487,2023,3,3,757,22,6.0,36.0,3.58351893845611,1.791759469228055
1192967988290487,2023,3,3,757,26,5.7,30.0,3.4011973816621555,1.7404661748405046
1192967988290487,2023,3,3,757,29,13.6,72.0,4.276666119016055,2.6100697927420065
1192967988290487,2023,3,3,757,31,10.6,56.0,4.02535169073515,2.3608540011180215
306275720489998,2016,3,3,757,36,2.9,14.0,2.6390573296152584,1.0647107369924282
1192967988290487,2023,3,3,757,37,5.9,35.0,3.5553480614894135,1.7749523509116738
306275720489998,2016,3,3,757,47,1.4,8.0,2.0794415416798357,0.3364722366212129
306275720489998,2016,3,3,757,48,1.3,10.0,2.302585092994046,0.26236426446749106
306275720489998,2016,3,3,757,50,2.2,14.0,2.6390573296152584,0.7884573603642703
306275720489998,2016,3,3,757,51,1.2,7.0,1.9459101490553132,0.1823215567939546
306275720489998,2016,3,3,757,52,1.2,7.0,1.9459101490553132,0.1823215567939546
1192967988290487,2023,3,3,757,54,5.2,25.0,3.2188758248682006,1.6486586255873816
16365443020004,2013,3,3,773,20,11.8,66.0,4.189654742026425,2.468099531471619
464691534489998,2018,3,3,827,2,8.7,48.0,3.871201010907891,2.163323025660538
464691534489998,2018,3,3,827,3,18.0,70.0,4.248495242049359,2.8903717578961645
464691534489998,2018,3,3,827,4,11.7,62.0,4.127134385045092,2.4595888418037104
247064809010661,2012,3,3,827,6,9.7,34.0,3.5263605246161616,2.272125885509337
464691534489998,2018,3,3,827,7,6.4,32.0,3.4657359027997265,1.8562979903656263
464691534489998,2018,3,3,827,9,7.1,27.0,3.295836866004329,1.9600947840472698
464691534489998,2018,3,3,827,11,12.6,61.0,4.110873864173311,2.533696813957432
464691534489998,2018,3,3,827,14,7.4,46.0,3.828641396489095,2.0014800002101243
464691534489998,2018,3,3,827,17,7.5,49.0,3.8918202981106265,2.0149030205422647
464691534489998,2018,3,3,827,22,5.1,27.0,3.295836866004329,1.62924053973028
464691534489998,2018,3,3,827,33,1.4,9.0,2.1972245773362196,0.3364722366212129
464691534489998,2018,3,3,827,35,5.2,23.0,3.1354942159291497,1.6486586255873816
62274524010538,2005,3,3,833,4,14.1,80.0,4.382026634673881,2.6461747973841225
62274524010538,2005,3,3,833,6,6.6,48.0,3.871201010907891,1.8870696490323797
62274524010538,2005,3,3,833,7,13.3,67.0,4.204692619390966,2.5877640352277083
62274524010538,2005,3,3,833,9,8.8,54.0,3.9889840465642745,2.174751721484161
62274524010538,2005,3,3,833,11,5.5,41.0,3.713572066704308,1.7047480922384253
62274524010538,2005,3,3,833,12,6.2,37.0,3.6109179126442243,1.824549292051046
62274524010538,2005,3,3,833,16,10.1,49.0,3.8918202981106265,2.312535423847214
816546048290487,2022,3,3,833,18,16.2,86.0,4.454347296253507,2.785011242238338
816546048290487,2022,3,3,833,21,8.0,62.0,4.127134385045092,2.0794415416798357
816546048290487,2022,3,3,833,23,9.1,55.0,4.007333185232471,2.2082744135228043
816546048290487,2022,3,3,833,26,6.2,43.0,3.7612001156935624,1.824549292051046
816546048290487,2022,3,3,833,27,7.4,40.0,3.6888794541139363,2.0014800002101243
250845393489998,2015,3,3,833,33,5.1,35.0,3.5553480614894135,1.62924053973028
1192967986290487,2023,3,3,835,2,8.5,43.0,3.7612001156935624,2.1400661634962708
1192967986290487,2023,3,3,835,6,6.8,35.0,3.5553480614894135,1.916922612182061
1287180513290487,2024,3,3,854,23,5.9,26.0,3.258096538021482,1.7749523509116738
1287180513290487,2024,3,3,854,26,7.0,35.0,3.5553480614894135,1.9459101490553132
1287180513290487,2024,3,3,854,32,6.0,39.0,3.6635616461296463,1.791759469228055
62274280010538,2005,3,3,922,4,6.7,44.0,3.784189633918261,1.9021075263969205
62274280010538,2005,3,3,922,5,7.0,60.0,4.0943445622221,1.9459101490553132
62274280010538,2005,3,3,922,6,7.8,58.0,4.060443010546419,2.0541237336955462
62274280010538,2005,3,3,922,9,6.2,40.0,3.6888794541139363,1.824549292051046
250845395489998,2015,3,3,922,12,7.2,59.0,4.07753744390572,1.9740810260220096
816546054290487,2022,3,3,922,13,8.0,58.0,4.060443010546419,2.0794415416798357
816546054290487,2022,3,3,922,15,5.5,34.0,3.5263605246161616,1.7047480922384253
816546054290487,2022,3,3,922,26,6.5,37.0,3.6109179126442243,1.8718021769015913
816546054290487,2022,3,3,922,37,5.0,22.0,3.091042453358316,1.6094379124341003
306275717489998,2016,3,3,1019,16,15.3,34.0,3.5263605246161616,2.72785282839839
464691433489998,2018,3,3,1087,1,1.3,7.0,1.9459101490553132,0.26236426446749106
464691433489998,2018,3,3,1087,2,13.7,55.0,4.007333185232471,2.617395832834079
464691433489998,2018,3,3,1087,3,1.1,7.0,1.9459101490553132,0.09531017980432493
464691433489998,2018,3,3,1087,5,13.3,58.0,4.060443010546419,2.5877640352277083
464691433489998,2018,3,3,1087,6,15.5,70.0,4.248495242049359,2.740840023925201
464691433489998,2018,3,3,1087,7,14.9,74.0,4.30406509320417,2.7013612129514133
464691433489998,2018,3,3,1087,9,9.4,44.0,3.784189633918261,2.2407096892759584
464691433489998,2018,3,3,1087,10,15.3,67.0,4.204692619390966,2.72785282839839
464691433489998,2018,3,3,1087,12,17.4,66.0,4.189654742026425,2.856470206220483
464691433489998,2018,3,3,1087,13,17.2,71.0,4.2626798770413155,2.8449093838194073
464691433489998,2018,3,3,1087,14,9.0,37.0,3.6109179126442243,2.1972245773362196
464691433489998,2018,3,3,1087,15,12.8,64.0,4.1588830833596715,2.5494451709255714
464691433489998,2018,3,3,1087,16,5.3,31.0,3.4339872044851463,1.667706820558076
464691433489998,2018,3,3,1087,18,6.5,42.0,3.7376696182833684,1.8718021769015913
1192967974290487,2023,3,3,1089,5,15.5,43.0,3.7612001156935624,2.740840023925201
511267889126144,2019,3,3,1200,17,17.6,85.0,4.442651256490317,2.8678989020441064
306275604489998,2016,3,3,1210,1,2.0,12.0,2.4849066497880004,0.6931471805599453
306275604489998,2016,3,3,1210,2,1.5,13.0,2.5649493574615367,0.4054651081081644
306275604489998,2016,3,3,1210,5,1.4,11.0,2.3978952727983707,0.3364722366212129
306275604489998,2016,3,3,1210,7,15.3,72.0,4.276666119016055,2.72785282839839
306275604489998,2016,3,3,1210,8,5.9,51.0,3.9318256327243257,1.7749523509116738
306275604489998,2016,3,3,1210,11,11.6,68.0,4.219507705176107,2.451005098112319
306275604489998,2016,3,3,1210,13,6.8,49.0,3.8918202981106265,1.916922612182061
306275604489998,2016,3,3,1210,16,8.7,52.0,3.9512437185814275,2.163323025660538
306275604489998,2016,3,3,1210,23,6.5,40.0,3.6888794541139363,1.8718021769015913
816545933290487,2022,3,3,1282,8,1.8,10.0,2.302585092994046,0.5877866649021191
816545933290487,2022,3,3,1282,11,3.5,22.0,3.091042453358316,1.252762968495368
816545933290487,2022,3,3,1282,13,5.4,40.0,3.6888794541139363,1.6863989535702288
722577780290487,2021,3,3,1295,2,11.2,23.0,3.1354942159291497,2.4159137783010487
722577780290487,2021,3,3,1295,8,9.3,35.0,3.5553480614894135,2.2300144001592104
722577780290487,2021,3,3,1295,41,7.1,31.0,3.4339872044851463,1.9600947840472698
511268750126144,2019,3,3,1303,1,13.9,70.0,4.248495242049359,2.631888840136646
511268750126144,2019,3,3,1303,6,11.0,62.0,4.127134385045092,2.3978952727983707
511268750126144,2019,3,3,1303,12,4.2,25.0,3.2188758248682006,1.4350845252893227
511268750126144,2019,3,3,1303,34,5.1,27.0,3.295836866004329,1.62924053973028
816545941290487,2022,3,3,1315,22,5.8,25.0,3.2188758248682006,1.7578579175523736
1287180489290487,2024,3,3,1363,1,6.3,24.0,3.1780538303479458,1.840549633397487
222469028010661,2011,3,3,1363,4,5.8,40.0,3.6888794541139363,1.7578579175523736
222469028010661,2011,3,3,1363,6,6.5,37.0,3.6109179126442243,1.8718021769015913
222469028010661,2011,3,3,1363,10,6.4,38.0,3.6375861597263857,1.8562979903656263
1287180489290487,2024,3,3,1363,15,7.8,38.0,3.6375861597263857,2.0541237336955462
1287180489290487,2024,3,3,1363,17,1.0,8.0,2.0794415416798357,0.0
55962549010538,2004,3,3,1471,7,11.3,57.0,4.04305126783455,2.424802725718295
722577892290487,2021,3,3,1471,15,14.9,75.0,4.31748811353631,2.7013612129514133
73612259010538,2006,3,3,1475,5,15.6,68.0,4.219507705176107,2.747270914255491
816546050290487,2022,3,3,1475,11,16.9,71.0,4.2626798770413155,2.8273136219290276
1192967993290487,2023,3,3,1606,1,2.1,14.0,2.6390573296152584,0.7419373447293773
1192967993290487,2023,3,3,1606,7,1.3,12.0,2.4849066497880004,0.26236426446749106
722577897290487,2021,3,3,1624,12,6.4,39.0,3.6635616461296463,1.8562979903656263
722577898290487,2021,3,3,1625,2,1.4,9.0,2.1972245773362196,0.3364722366212129
722577898290487,2021,3,3,1625,4,13.6,52.0,3.9512437185814275,2.6100697927420065
722577898290487,2021,3,3,1625,7,18.3,72.0,4.276666119016055,2.9069010598473755
618642538126144,2020,3,3,1638,1,5.1,28.0,3.332204510175204,1.62924053973028
16365622020004,2013,3,3,1638,6,6.1,38.0,3.6375861597263857,1.8082887711792655
618642538126144,2020,3,3,1638,7,5.9,33.0,3.4965075614664802,1.7749523509116738
511267958126144,2019,3,3,2593,10,1.4,9.0,2.1972245773362196,0.3364722366212129
816546064290487,2022,3,3,2597,1,14.0,82.0,4.406719247264253,2.6390573296152584
816546064290487,2022,3,3,2597,4,10.5,73.0,4.290459441148391,2.3513752571634776
816546064290487,2022,3,3,2597,6,11.9,74.0,4.30406509320417,2.4765384001174837
816546064290487,2022,3,3,2597,7,8.2,75.0,4.31748811353631,2.1041341542702074
816546064290487,2022,3,3,2597,8,13.7,80.0,4.382026634673881,2.617395832834079
816546064290487,2022,3,3,2597,9,18.7,78.0,4.356708826689592,2.928523523860541
816546064290487,2022,3,3,2597,10,7.9,66.0,4.189654742026425,2.066862759472976
816546064290487,2022,3,3,2597,11,11.8,78.0,4.356708826689592,2.468099531471619
816546064290487,2022,3,3,2597,12,11.0,81.0,4.394449154672439,2.3978952727983707
1192968004290487,2023,3,3,2601,1,2.7,17.0,2.833213344056216,0.9932517730102834
1192968004290487,2023,3,3,2601,3,1.3,9.0,2.1972245773362196,0.26236426446749106
1192968004290487,2023,3,3,2601,4,2.6,17.0,2.833213344056216,0.9555114450274363
1192968004290487,2023,3,3,2601,5,2.4,17.0,2.833213344056216,0.8754687373538999
1192968004290487,2023,3,3,2601,6,2.9,18.0,2.8903717578961645,1.0647107369924282
1192968004290487,2023,3,3,2601,15,12.1,53.0,3.970291913552122,2.4932054526026954
1192968004290487,2023,3,3,2601,18,6.1,31.0,3.4339872044851463,1.8082887711792655
1192968004290487,2023,3,3,2601,22,1.5,10.0,2.302585092994046,0.4054651081081644
618642553126144,2020,3,3,2602,1,4.3,18.0,2.8903717578961645,1.4586150226995167
618642553126144,2020,3,3,2602,3,1.8,10.0,2.302585092994046,0.5877866649021191
618642553126144,2020,3,3,2602,6,3.5,19.0,2.9444389791664403,1.252762968495368
618642553126144,2020,3,3,2602,7,1.5,10.0,2.302585092994046,0.4054651081081644
618642553126144,2020,3,3,2602,16,9.6,44.0,3.784189633918261,2.2617630984737906
618642553126144,2020,3,3,2602,17,10.2,45.0,3.8066624897703196,2.322387720290225
618642553126144,2020,3,3,2602,18,7.3,44.0,3.784189633918261,1.9878743481543455
618642553126144,2020,3,3,2602,21,5.6,34.0,3.5263605246161616,1.7227665977411035
511267959126144,2019,3,3,2617,17,6.1,38.0,3.6375861597263857,1.8082887711792655
511267959126144,2019,3,3,2617,19,10.1,58.0,4.060443010546419,2.312535423847214
511267959126144,2019,3,3,2617,23,6.7,43.0,3.7612001156935624,1.9021075263969205
511267959126144,2019,3,3,2617,24,5.0,30.0,3.4011973816621555,1.6094379124341003
511267959126144,2019,3,3,2617,28,3.1,16.0,2.772588722239781,1.1314021114911006
511267959126144,2019,3,3,2617,29,1.6,8.0,2.0794415416798357,0.47000362924573563
618642550126144,2020,3,3,2619,2,9.9,52.0,3.9512437185814275,2.2925347571405443
618642550126144,2020,3,3,2619,3,8.2,45.0,3.8066624897703196,2.1041341542702074
618642550126144,2020,3,3,2619,5,6.3,36.0,3.58351893845611,1.840549633397487
618642550126144,2020,3,3,2619,6,12.6,57.0,4.04305126783455,2.533696813957432
618642550126144,2020,3,3,2619,7,5.3,33.0,3.4965075614664802,1.667706820558076
618642550126144,2020,3,3,2619,8,6.6,30.0,3.4011973816621555,1.8870696490323797
618642550126144,2020,3,3,2619,9,20.1,74.0,4.30406509320417,3.0007198150650303
16365626020004,2013,3,3,2619,10,6.7,40.0,3.6888794541139363,1.9021075263969205
16365626020004,2013,3,3,2619,11,5.2,30.0,3.4011973816621555,1.6486586255873816
618642550126144,2020,3,3,2619,12,13.7,65.0,4.174387269895637,2.617395832834079
618642550126144,2020,3,3,2619,13,10.2,54.0,3.9889840465642745,2.322387720290225
16365626020004,2013,3,3,2619,14,11.7,60.0,4.0943445622221,2.4595888418037104
618642550126144,2020,3,3,2619,15,7.0,43.0,3.7612001156935624,1.9459101490553132
618642550126144,2020,3,3,2619,16,12.1,54.0,3.9889840465642745,2.4932054526026954
618642550126144,2020,3,3,2619,20,16.8,64.0,4.1588830833596715,2.8213788864092133
618642550126144,2020,3,3,2619,23,5.1,28.0,3.332204510175204,1.62924053973028
464691566489998,2018,3,3,2620,3,10.6,60.0,4.0943445622221,2.3608540011180215
464691566489998,2018,3,3,2620,9,5.7,31.0,3.4339872044851463,1.7404661748405046
1287180634290487,2024,3,3,2621,8,7.6,58.0,4.060443010546419,2.028148247292285
1192967998290487,2023,3,3,2622,4,9.2,56.0,4.02535169073515,2.2192034840549946
1192967998290487,2023,3,3,2622,8,6.3,30.0,3.4011973816621555,1.840549633397487
1192967998290487,2023,3,3,2622,9,7.5,47.0,3.8501476017100584,2.0149030205422647
1192967998290487,2023,3,3,2622,16,5.0,30.0,3.4011973816621555,1.6094379124341003
722577901290487,2021,3,3,2623,1,2.5,20.0,2.995732273553991,0.9162907318741551
722577901290487,2021,3,3,2623,2,4.4,23.0,3.1354942159291497,1.4816045409242156
722577901290487,2021,3,3,2623,4,10.7,57.0,4.04305126783455,2.3702437414678603
722577901290487,2021,3,3,2623,5,9.9,66.0,4.189654742026425,2.2925347571405443
511267960126144,2019,3,3,2626,8,6.0,32.0,3.4657359027997265,1.791759469228055
722577911290487,2021,3,3,2630,5,1.0,7.0,1.9459101490553132,0.0
511267961126144,2019,3,3,2632,10,9.7,51.0,3.9318256327243257,2.272125885509337
511267961126144,2019,3,3,2632,15,1.5,13.0,2.5649493574615367,0.4054651081081644
511267961126144,2019,3,3,2632,19,1.1,10.0,2.302585092994046,0.09531017980432493
511267961126144,2019,3,3,2632,21,1.1,11.0,2.3978952727983707,0.09531017980432493
247064851010661,2012,3,3,2636,2,11.1,50.0,3.912023005428146,2.4069451083182885
464691567489998,2018,3,3,2636,5,5.9,28.0,3.332204510175204,1.7749523509116738
464691567489998,2018,3,3,2636,7,6.0,32.0,3.4657359027997265,1.791759469228055
464691567489998,2018,3,3,2636,9,1.9,10.0,2.302585092994046,0.6418538861723947
816546070290487,2022,3,3,2640,9,5.4,31.0,3.4339872044851463,1.6863989535702288
816546070290487,2022,3,3,2640,14,8.3,34.0,3.5263605246161616,2.1162555148025524
1287180626290487,2024,3,3,2642,1,2.3,12.0,2.4849066497880004,0.8329091229351039
1287180626290487,2024,3,3,2642,2,3.0,17.0,2.833213344056216,1.0986122886681098
375519261489998,2017,3,3,2642,3,1.4,11.0,2.3978952727983707,0.3364722366212129
1287180626290487,2024,3,3,2642,8,6.3,30.0,3.4011973816621555,1.840549633397487
306275738489998,2016,3,3,2643,1,1.5,10.0,2.302585092994046,0.4054651081081644
722577913290487,2021,3,3,2644,7,5.2,38.0,3.6375861597263857,1.6486586255873816
722577913290487,2021,3,3,2644,10,6.3,32.0,3.4657359027997265,1.840549633397487
722577913290487,2021,3,3,2644,11,7.1,44.0,3.784189633918261,1.9600947840472698
722577913290487,2021,3,3,2644,15,5.0,25.0,3.2188758248682006,1.6094379124341003
1287180635290487,2024,3,3,2645,19,5.2,28.0,3.332204510175204,1.6486586255873816
511268798126144,2019,3,3,3471,1,1.2,9.0,2.1972245773362196,0.1823215567939546
511268798126144,2019,3,3,3471,2,3.0,17.0,2.833213344056216,1.0986122886681098
511268798126144,2019,3,3,3471,3,1.9,11.0,2.3978952727983707,0.6418538861723947
511268798126144,2019,3,3,3471,4,1.2,10.0,2.302585092994046,0.1823215567939546
511268798126144,2019,3,3,3471,11,6.9,35.0,3.5553480614894135,1.9315214116032138
511268798126144,2019,3,3,3471,14,6.3,34.0,3.5263605246161616,1.840549633397487
250845301489998,2015,3,7,379,2,12.5,61.0,4.110873864173311,2.5257286443082556
511267926126144,2019,3,7,862,36,5.6,21.0,3.044522437723423,1.7227665977411035
73616716010538,2006,3,7,879,1,10.2,50.0,3.912023005428146,2.322387720290225
73616716010538,2006,3,7,879,3,9.8,43.0,3.7612001156935624,2.2823823856765264
73616716010538,2006,3,7,879,6,10.1,59.0,4.07753744390572,2.312535423847214
816545917290487,2022,3,7,953,26,1.9,11.0,2.3978952727983707,0.6418538861723947
216040426010661,2010,3,7,1534,9,12.5,55.0,4.007333185232471,2.5257286443082556
816546052290487,2022,3,21,17,14,5.0,41.0,3.713572066704308,1.6094379124341003
464691548489998,2018,3,21,26,7,5.4,37.0,3.6109179126442243,1.6863989535702288
247064834010661,2012,3,21,26,11,7.7,42.0,3.7376696182833684,2.0412203288596382
464691548489998,2018,3,21,26,12,8.7,47.0,3.8501476017100584,2.163323025660538
118137480010661,2008,3,21,105,6,7.6,47.0,3.8501476017100584,2.028148247292285
618642442126144,2020,3,21,105,11,11.4,70.0,4.248495242049359,2.4336133554004498
464691496489998,2018,3,21,161,7,7.1,47.0,3.8501476017100584,1.9600947840472698
464691496489998,2018,3,21,161,11,6.1,35.0,3.5553480614894135,1.8082887711792655
511267883126144,2019,3,21,217,1,13.8,68.0,4.219507705176107,2.624668592163159
511267883126144,2019,3,21,217,2,15.2,67.0,4.204692619390966,2.7212954278522306
247064727010661,2012,3,21,217,3,14.2,68.0,4.219507705176107,2.653241964607215
511267883126144,2019,3,21,217,7,13.4,72.0,4.276666119016055,2.5952547069568657
511267883126144,2019,3,21,217,8,10.1,57.0,4.04305126783455,2.312535423847214
511267883126144,2019,3,21,217,9,8.7,44.0,3.784189633918261,2.163323025660538
511267883126144,2019,3,21,217,10,7.1,42.0,3.7376696182833684,1.9600947840472698
511267883126144,2019,3,21,217,15,1.4,9.0,2.1972245773362196,0.3364722366212129
511267883126144,2019,3,21,217,16,1.1,8.0,2.0794415416798357,0.09531017980432493
511267883126144,2019,3,21,217,25,5.6,30.0,3.4011973816621555,1.7227665977411035
511267883126144,2019,3,21,217,39,1.0,7.0,1.9459101490553132,0.0
511267883126144,2019,3,21,217,40,5.1,24.0,3.1780538303479458,1.62924053973028
1287180511290487,2024,3,21,234,1,3.2,15.0,2.70805020110221,1.1631508098056809
1287180511290487,2024,3,21,234,8,1.8,12.0,2.4849066497880004,0.5877866649021191
1287180469290487,2024,3,21,298,13,3.0,15.0,2.70805020110221,1.0986122886681098
1287180469290487,2024,3,21,298,16,6.7,36.0,3.58351893845611,1.9021075263969205
1287180469290487,2024,3,21,298,17,1.2,8.0,2.0794415416798357,0.1823215567939546
1287180469290487,2024,3,21,298,18,5.8,38.0,3.6375861597263857,1.7578579175523736
1287180469290487,2024,3,21,298,20,5.6,28.0,3.332204510175204,1.7227665977411035
618642480126144,2020,3,21,330,14,5.4,33.0,3.4965075614664802,1.6863989535702288
247064616010661,2012,3,21,394,3,8.4,52.0,3.9512437185814275,2.128231705849268
247064616010661,2012,3,21,394,7,11.3,58.0,4.060443010546419,2.424802725718295
247064616010661,2012,3,21,394,17,7.2,39.0,3.6635616461296463,1.9740810260220096
511268745126144,2019,3,21,395,10,9.2,47.0,3.8501476017100584,2.2192034840549946
511268745126144,2019,3,21,395,12,2.0,11.0,2.3978952727983707,0.6931471805599453
511268745126144,2019,3,21,395,20,2.4,16.0,2.772588722239781,0.8754687373538999
511268745126144,2019,3,21,395,21,1.7,11.0,2.3978952727983707,0.5306282510621704
511268745126144,2019,3,21,395,33,1.2,9.0,2.1972245773362196,0.1823215567939546
118137478010661,2008,3,21,414,1,8.8,50.0,3.912023005428146,2.174751721484161
16365433020004,2013,3,21,414,2,12.7,68.0,4.219507705176107,2.5416019934645457
118137478010661,2008,3,21,414,3,5.6,48.0,3.871201010907891,1.7227665977411035
118137478010661,2008,3,21,414,4,9.1,52.0,3.9512437185814275,2.2082744135228043
618642441126144,2020,3,21,414,6,8.2,54.0,3.9889840465642745,2.1041341542702074
118137478010661,2008,3,21,414,7,6.4,58.0,4.060443010546419,1.8562979903656263
618642441126144,2020,3,21,414,9,10.1,64.0,4.1588830833596715,2.312535423847214
618642441126144,2020,3,21,414,13,9.9,68.0,4.219507705176107,2.2925347571405443
618642441126144,2020,3,21,414,18,16.8,70.0,4.248495242049359,2.8213788864092133
618642441126144,2020,3,21,414,19,11.4,68.0,4.219507705176107,2.4336133554004498
464691550489998,2018,3,21,416,2,2.0,12.0,2.4849066497880004,0.6931471805599453
247064720010661,2012,3,21,459,6,14.9,83.0,4.418840607796598,2.7013612129514133
122567030010661,2007,3,21,459,7,5.4,35.0,3.5553480614894135,1.6863989535702288
247064720010661,2012,3,21,459,13,15.9,78.0,4.356708826689592,2.766319109226186
118137578010661,2008,3,21,569,3,7.8,45.0,3.8066624897703196,2.0541237336955462
511268763126144,2019,3,21,569,5,6.8,37.0,3.6109179126442243,1.916922612182061
511268763126144,2019,3,21,569,10,1.6,10.0,2.302585092994046,0.47000362924573563
511268763126144,2019,3,21,569,11,7.0,38.0,3.6375861597263857,1.9459101490553132
16365445020004,2013,3,21,569,12,6.9,40.0,3.6888794541139363,1.9315214116032138
118137578010661,2008,3,21,569,13,9.6,48.0,3.871201010907891,2.2617630984737906
511268763126144,2019,3,21,569,14,15.4,65.0,4.174387269895637,2.7343675094195836
511268763126144,2019,3,21,569,16,7.8,47.0,3.8501476017100584,2.0541237336955462
511268763126144,2019,3,21,569,17,10.6,50.0,3.912023005428146,2.3608540011180215
511268763126144,2019,3,21,569,18,8.9,55.0,4.007333185232471,2.186051276738094
1287180376290487,2024,3,21,590,10,2.0,13.0,2.5649493574615367,0.6931471805599453
306275567489998,2016,3,21,602,1,2.9,19.0,2.9444389791664403,1.0647107369924282
464691436489998,2018,3,21,609,2,8.6,43.0,3.7612001156935624,2.151762203259462
464691436489998,2018,3,21,609,3,6.2,35.0,3.5553480614894135,1.824549292051046
464691436489998,2018,3,21,609,7,6.8,36.0,3.58351893845611,1.916922612182061
464691436489998,2018,3,21,609,12,5.0,25.0,3.2188758248682006,1.6094379124341003
375519138489998,2017,3,21,623,16,12.2,67.0,4.204692619390966,2.501435951739211
222468930010661,2011,3,21,623,19,9.0,57.0,4.04305126783455,2.1972245773362196
1287180394290487,2024,3,21,623,23,1.6,10.0,2.302585092994046,0.47000362924573563
816546042290487,2022,3,21,624,3,4.8,20.0,2.995732273553991,1.5686159179138452
816546042290487,2022,3,21,624,6,7.8,40.0,3.6888794541139363,2.0541237336955462
816546042290487,2022,3,21,624,7,13.7,55.0,4.007333185232471,2.617395832834079
816546042290487,2022,3,21,624,9,16.4,55.0,4.007333185232471,2.797281334830153
816546042290487,2022,3,21,624,11,6.1,22.0,3.091042453358316,1.8082887711792655
816546042290487,2022,3,21,624,12,5.1,26.0,3.258096538021482,1.62924053973028
62282145010538,2005,3,21,692,6,5.8,28.0,3.332204510175204,1.7578579175523736
722577896290487,2021,3,21,692,14,8.9,44.0,3.784189633918261,2.186051276738094
722577896290487,2021,3,21,692,16,6.2,31.0,3.4339872044851463,1.824549292051046
722577896290487,2021,3,21,692,17,5.5,36.0,3.58351893845611,1.7047480922384253
722577896290487,2021,3,21,692,19,7.4,24.0,3.1780538303479458,2.0014800002101243
722577896290487,2021,3,21,692,20,6.2,25.0,3.2188758248682006,1.824549292051046
722577896290487,2021,3,21,692,21,5.4,26.0,3.258096538021482,1.6863989535702288
375519201489998,2017,3,21,774,1,15.1,78.0,4.356708826689592,2.714694743820879
375519201489998,2017,3,21,774,2,13.6,75.0,4.31748811353631,2.6100697927420065
375519201489998,2017,3,21,774,3,15.3,80.0,4.382026634673881,2.72785282839839
1287180457290487,2024,3,21,774,4,9.3,59.0,4.07753744390572,2.2300144001592104
375519201489998,2017,3,21,774,6,12.6,73.0,4.290459441148391,2.533696813957432
375519201489998,2017,3,21,774,8,11.4,77.0,4.343805421853684,2.4336133554004498
1287180457290487,2024,3,21,774,9,10.4,74.0,4.30406509320417,2.341805806147327
375519201489998,2017,3,21,774,10,14.2,78.0,4.356708826689592,2.653241964607215
375519201489998,2017,3,21,774,11,13.4,78.0,4.356708826689592,2.5952547069568657
1287180457290487,2024,3,21,774,12,3.3,18.0,2.8903717578961645,1.1939224684724346
1287180457290487,2024,3,21,774,13,5.2,28.0,3.332204510175204,1.6486586255873816
375519201489998,2017,3,21,774,14,6.5,72.0,4.276666119016055,1.8718021769015913
375519201489998,2017,3,21,774,15,9.7,74.0,4.30406509320417,2.272125885509337
375519201489998,2017,3,21,774,16,9.9,74.0,4.30406509320417,2.2925347571405443
375519201489998,2017,3,21,774,17,13.0,78.0,4.356708826689592,2.5649493574615367
222468912010661,2011,3,21,774,18,7.2,58.0,4.060443010546419,1.9740810260220096
375519201489998,2017,3,21,774,20,8.9,73.0,4.290459441148391,2.186051276738094
375519201489998,2017,3,21,774,21,10.5,78.0,4.356708826689592,2.3513752571634776
55956873010538,2003,3,21,799,1,12.8,68.0,4.219507705176107,2.5494451709255714
55956873010538,2003,3,21,799,4,13.6,77.0,4.343805421853684,2.6100697927420065
618642545126144,2020,3,21,799,12,1.6,10.0,2.302585092994046,0.47000362924573563
618642545126144,2020,3,21,799,13,1.9,11.0,2.3978952727983707,0.6418538861723947
618642545126144,2020,3,21,799,14,7.3,52.0,3.9512437185814275,1.9878743481543455
618642545126144,2020,3,21,799,15,15.4,76.0,4.330733340286331,2.7343675094195836
618642545126144,2020,3,21,799,16,8.0,44.0,3.784189633918261,2.0794415416798357
618642545126144,2020,3,21,799,17,12.2,67.0,4.204692619390966,2.501435951739211
618642545126144,2020,3,21,799,18,12.4,61.0,4.110873864173311,2.517696472610991
618642545126144,2020,3,21,799,19,10.5,46.0,3.828641396489095,2.3513752571634776
618642545126144,2020,3,21,799,20,6.3,32.0,3.4657359027997265,1.840549633397487
618642545126144,2020,3,21,799,21,14.0,71.0,4.2626798770413155,2.6390573296152584
16365612020004,2013,3,21,799,26,5.1,31.0,3.4339872044851463,1.62924053973028
618642545126144,2020,3,21,799,27,8.8,55.0,4.007333185232471,2.174751721484161
222468850010661,2011,3,21,952,16,11.1,57.0,4.04305126783455,2.4069451083182885
222468850010661,2011,3,21,952,17,16.3,78.0,4.356708826689592,2.791165107812717
62281827010538,2005,3,21,1040,2,9.8,54.0,3.9889840465642745,2.2823823856765264
62281827010538,2005,3,21,1040,4,11.3,52.0,3.9512437185814275,2.424802725718295
62281827010538,2005,3,21,1040,6,8.0,48.0,3.871201010907891,2.0794415416798357
816546056290487,2022,3,21,1040,8,12.4,58.0,4.060443010546419,2.517696472610991
816546056290487,2022,3,21,1040,10,5.3,34.0,3.5263605246161616,1.667706820558076
816546056290487,2022,3,21,1040,11,14.1,57.0,4.04305126783455,2.6461747973841225
816546056290487,2022,3,21,1040,12,13.1,55.0,4.007333185232471,2.5726122302071057
816546056290487,2022,3,21,1040,13,10.3,54.0,3.9889840465642745,2.33214389523559
816546056290487,2022,3,21,1040,18,8.6,33.0,3.4965075614664802,2.151762203259462
816546056290487,2022,3,21,1040,19,8.4,26.0,3.258096538021482,2.128231705849268
816546056290487,2022,3,21,1040,23,8.6,45.0,3.8066624897703196,2.151762203259462
816546056290487,2022,3,21,1040,25,7.5,25.0,3.2188758248682006,2.0149030205422647
816546056290487,2022,3,21,1040,31,5.9,28.0,3.332204510175204,1.7749523509116738
722577756290487,2021,3,21,1060,3,14.8,75.0,4.31748811353631,2.6946271807700692
722577756290487,2021,3,21,1060,6,11.1,63.0,4.143134726391533,2.4069451083182885
55970645010538,2004,3,21,1060,7,12.9,55.0,4.007333185232471,2.5572273113676265
247064719010661,2012,3,21,1097,8,10.1,30.0,3.4011973816621555,2.312535423847214
464691535489998,2018,3,21,1105,2,3.9,17.0,2.833213344056216,1.3609765531356006
464691535489998,2018,3,21,1105,4,8.1,52.0,3.9512437185814275,2.0918640616783932
464691535489998,2018,3,21,1105,6,5.6,35.0,3.5553480614894135,1.7227665977411035
464691535489998,2018,3,21,1105,7,5.3,28.0,3.332204510175204,1.667706820558076
464691535489998,2018,3,21,1105,10,1.0,9.0,2.1972245773362196,0.0
55955856010538,2003,3,21,1195,2,10.6,70.0,4.248495242049359,2.3608540011180215
618642506126144,2020,3,21,1195,3,17.7,85.0,4.442651256490317,2.8735646395797834
618642506126144,2020,3,21,1195,5,14.5,78.0,4.356708826689592,2.6741486494265287
73599199010538,2006,3,21,1203,3,10.6,50.0,3.912023005428146,2.3608540011180215
73599199010538,2006,3,21,1203,5,11.0,61.0,4.110873864173311,2.3978952727983707
73599199010538,2006,3,21,1203,6,5.2,37.0,3.6109179126442243,1.6486586255873816
73599199010538,2006,3,21,1203,7,6.6,43.0,3.7612001156935624,1.8870696490323797
62281562010538,2005,3,21,1204,6,12.1,73.0,4.290459441148391,2.4932054526026954
62281562010538,2005,3,21,1204,8,7.4,32.0,3.4657359027997265,2.0014800002101243
171871662020004,2014,3,21,1204,9,8.3,46.0,3.828641396489095,2.1162555148025524
171871662020004,2014,3,21,1204,11,5.6,38.0,3.6375861597263857,1.7227665977411035
511267880126144,2019,3,21,1221,3,8.2,38.0,3.6375861597263857,2.1041341542702074
816545993290487,2022,3,21,1256,7,9.5,45.0,3.8066624897703196,2.2512917986064953
618642485126144,2020,3,21,1314,4,2.2,14.0,2.6390573296152584,0.7884573603642703
118137754010661,2008,3,21,1314,5,10.7,51.0,3.9318256327243257,2.3702437414678603
73597861010538,2006,3,21,1324,4,12.2,43.0,3.7612001156935624,2.501435951739211
1192967868290487,2023,3,21,1324,5,7.7,55.0,4.007333185232471,2.0412203288596382
1192967868290487,2023,3,21,1324,8,19.4,77.0,4.343805421853684,2.9652730660692823
1192967868290487,2023,3,21,1324,9,18.4,76.0,4.330733340286331,2.91235066461494
306275600489998,2016,3,21,1324,13,13.4,60.0,4.0943445622221,2.5952547069568657
1192967868290487,2023,3,21,1324,14,10.2,70.0,4.248495242049359,2.322387720290225
73597861010538,2006,3,21,1324,18,14.7,59.0,4.07753744390572,2.6878474937846906
73597861010538,2006,3,21,1324,19,15.6,68.0,4.219507705176107,2.747270914255491
816545930290487,2022,3,21,1342,5,9.5,47.0,3.8501476017100584,2.2512917986064953
816545930290487,2022,3,21,1342,7,10.1,57.0,4.04305126783455,2.312535423847214
816545991290487,2022,3,21,1482,12,1.2,9.0,2.1972245773362196,0.1823215567939546
1287180512290487,2024,3,21,1512,2,2.9,14.0,2.6390573296152584,1.0647107369924282
1287180512290487,2024,3,21,1512,5,17.6,58.0,4.060443010546419,2.8678989020441064
618642544126144,2020,3,21,2116,2,2.0,13.0,2.5649493574615367,0.6931471805599453
618642544126144,2020,3,21,2116,6,8.8,42.0,3.7376696182833684,2.174751721484161
618642544126144,2020,3,21,2116,8,8.1,39.0,3.6635616461296463,2.0918640616783932
618642544126144,2020,3,21,2116,13,16.4,66.0,4.189654742026425,2.797281334830153
618642546126144,2020,3,21,2125,2,1.5,12.0,2.4849066497880004,0.4054651081081644
618642546126144,2020,3,21,2125,3,1.7,11.0,2.3978952727983707,0.5306282510621704
618642546126144,2020,3,21,2125,4,1.4,9.0,2.1972245773362196,0.3364722366212129
618642546126144,2020,3,21,2125,14,1.0,9.0,2.1972245773362196,0.0
618642539126144,2020,3,21,2176,4,2.4,14.0,2.6390573296152584,0.8754687373538999
618642539126144,2020,3,21,2176,5,1.5,11.0,2.3978952727983707,0.4054651081081644
16365619020004,2013,3,21,2176,11,5.7,28.0,3.332204510175204,1.7404661748405046
1192967992290487,2023,3,21,2177,3,18.8,95.0,4.553876891600541,2.9338568698359038
1192967992290487,2023,3,21,2177,4,12.8,82.0,4.406719247264253,2.5494451709255714
1192967992290487,2023,3,21,2177,7,20.0,95.0,4.553876891600541,2.995732273553991
1192967992290487,2023,3,21,2177,8,20.9,91.0,4.51085950651685,3.039749158970765
1192967992290487,2023,3,21,2177,9,11.4,75.0,4.31748811353631,2.4336133554004498
1192967992290487,2023,3,21,2177,10,21.2,92.0,4.5217885770490405,3.054001181677967
1192967992290487,2023,3,21,2177,11,16.2,91.0,4.51085950651685,2.785011242238338
464691552489998,2018,3,21,2178,5,8.7,39.0,3.6635616461296463,2.163323025660538
464691552489998,2018,3,21,2178,11,15.4,70.0,4.248495242049359,2.7343675094195836
464691552489998,2018,3,21,2178,12,9.1,58.0,4.060443010546419,2.2082744135228043
618642551126144,2020,3,21,3123,2,4.6,29.0,3.367295829986474,1.5260563034950492
618642551126144,2020,3,21,3123,3,4.3,28.0,3.332204510175204,1.4586150226995167
618642551126144,2020,3,21,3123,4,13.1,66.0,4.189654742026425,2.5726122302071057
16365631020004,2013,3,21,3123,5,9.8,57.0,4.04305126783455,2.2823823856765264
618642551126144,2020,3,21,3123,6,12.4,62.0,4.127134385045092,2.517696472610991
618642551126144,2020,3,21,3123,7,11.4,57.0,4.04305126783455,2.4336133554004498
618642551126144,2020,3,21,3123,8,11.1,63.0,4.143134726391533,2.4069451083182885
618642551126144,2020,3,21,3123,9,9.8,52.0,3.9512437185814275,2.2823823856765264
618642551126144,2020,3,21,3123,10,8.6,45.0,3.8066624897703196,2.151762203259462
618642551126144,2020,3,21,3123,11,10.8,56.0,4.02535169073515,2.379546134130174
618642551126144,2020,3,21,3123,12,11.4,63.0,4.143134726391533,2.4336133554004498
618642551126144,2020,3,21,3123,13,14.9,68.0,4.219507705176107,2.7013612129514133
618642551126144,2020,3,21,3123,14,17.3,77.0,4.343805421853684,2.8507065015037334
464691559489998,2018,3,21,3125,1,1.8,12.0,2.4849066497880004,0.5877866649021191
464691559489998,2018,3,21,3125,2,1.4,9.0,2.1972245773362196,0.3364722366212129
464691559489998,2018,3,21,3125,4,4.0,23.0,3.1354942159291497,1.3862943611198906
464691559489998,2018,3,21,3125,5,6.3,29.0,3.367295829986474,1.840549633397487
464691559489998,2018,3,21,3125,6,18.7,76.0,4.330733340286331,2.928523523860541
464691559489998,2018,3,21,3125,8,1.0,7.0,1.9459101490553132,0.0
464691559489998,2018,3,21,3125,9,5.4,27.0,3.295836866004329,1.6863989535702288
1287180631290487,2024,3,21,3126,1,16.4,73.0,4.290459441148391,2.797281334830153
375519266489998,2017,3,21,3126,2,1.1,7.0,1.9459101490553132,0.09531017980432493
1287180631290487,2024,3,21,3126,4,7.5,54.0,3.9889840465642745,2.0149030205422647
1287180631290487,2024,3,21,3126,5,11.0,72.0,4.276666119016055,2.3978952727983707
1287180631290487,2024,3,21,3126,6,9.7,55.0,4.007333185232471,2.272125885509337
1287180631290487,2024,3,21,3126,7,8.0,55.0,4.007333185232471,2.0794415416798357
1287180631290487,2024,3,21,3126,9,9.1,57.0,4.04305126783455,2.2082744135228043
375519266489998,2017,3,21,3126,10,14.6,63.0,4.143134726391533,2.681021528714291
1287180631290487,2024,3,21,3126,11,8.3,42.0,3.7376696182833684,2.1162555148025524
1287180631290487,2024,3,21,3126,12,13.7,65.0,4.174387269895637,2.617395832834079
1287180631290487,2024,3,21,3126,13,12.4,61.0,4.110873864173311,2.517696472610991
1287180631290487,2024,3,21,3126,14,26.1,86.0,4.454347296253507,3.261935314328648
1287180631290487,2024,3,21,3126,15,14.3,69.0,4.23410650459726,2.6602595372658615
1287180631290487,2024,3,21,3126,16,14.7,70.0,4.248495242049359,2.6878474937846906
1287180631290487,2024,3,21,3126,17,11.7,70.0,4.248495242049359,2.4595888418037104
511267963126144,2019,3,21,3141,1,11.2,32.0,3.4657359027997265,2.4159137783010487
511267963126144,2019,3,21,3141,9,5.4,23.0,3.1354942159291497,1.6863989535702288
511267963126144,2019,3,21,3141,19,11.2,43.0,3.7612001156935624,2.4159137783010487
1192968002290487,2023,3,21,3186,3,7.4,48.0,3.871201010907891,2.0014800002101243
306275734489998,2016,3,21,3186,4,6.2,44.0,3.784189633918261,1.824549292051046
1192968002290487,2023,3,21,3186,5,6.7,40.0,3.6888794541139363,1.9021075263969205
1192968002290487,2023,3,21,3186,6,7.5,40.0,3.6888794541139363,2.0149030205422647
306275734489998,2016,3,21,3186,7,5.2,31.0,3.4339872044851463,1.6486586255873816
1192968002290487,2023,3,21,3186,8,7.8,49.0,3.8918202981106265,2.0541237336955462
1192968002290487,2023,3,21,3186,12,5.4,38.0,3.6375861597263857,1.6863989535702288
1287180627290487,2024,3,21,3189,1,8.3,54.0,3.9889840465642745,2.1162555148025524
1287180627290487,2024,3,21,3189,2,10.0,65.0,4.174387269895637,2.302585092994046
1287180627290487,2024,3,21,3189,4,4.2,22.0,3.091042453358316,1.4350845252893227
1287180627290487,2024,3,21,3189,5,17.4,72.0,4.276666119016055,2.856470206220483
1287180627290487,2024,3,21,3189,7,16.1,72.0,4.276666119016055,2.7788192719904172
1287180627290487,2024,3,21,3189,8,24.1,80.0,4.382026634673881,3.1822118404966093
1287180627290487,2024,3,21,3189,10,13.3,65.0,4.174387269895637,2.5877640352277083
1287180627290487,2024,3,21,3189,13,1.8,10.0,2.302585092994046,0.5877866649021191
1287180627290487,2024,3,21,3189,14,18.4,68.0,4.219507705176107,2.91235066461494
1287180627290487,2024,3,21,3189,15,1.3,9.0,2.1972245773362196,0.26236426446749106
1287180627290487,2024,3,21,3189,16,1.7,11.0,2.3978952727983707,0.5306282510621704
1287180627290487,2024,3,21,3189,17,2.2,12.0,2.4849066497880004,0.7884573603642703
816546063290487,2022,3,21,3190,3,3.0,20.0,2.995732273553991,1.0986122886681098
816546063290487,2022,3,21,3190,5,3.2,25.0,3.2188758248682006,1.1631508098056809
816546063290487,2022,3,21,3190,6,7.0,35.0,3.5553480614894135,1.9459101490553132
816546063290487,2022,3,21,3190,7,13.2,72.0,4.276666119016055,2.580216829592325
816546063290487,2022,3,21,3190,8,12.8,61.0,4.110873864173311,2.5494451709255714
816546063290487,2022,3,21,3190,11,11.0,59.0,4.07753744390572,2.3978952727983707
511268800126144,2019,3,21,3191,3,18.7,81.0,4.394449154672439,2.928523523860541
511268800126144,2019,3,21,3191,7,15.6,76.0,4.330733340286331,2.747270914255491
1192967996290487,2023,3,21,3214,1,3.8,24.0,3.1780538303479458,1.33500106673234
1192967996290487,2023,3,21,3214,3,8.1,46.0,3.828641396489095,2.0918640616783932
1192967996290487,2023,3,21,3214,7,8.0,46.0,3.828641396489095,2.0794415416798357
1192967996290487,2023,3,21,3214,9,12.0,56.0,4.02535169073515,2.4849066497880004
1192967996290487,2023,3,21,3214,13,12.5,65.0,4.174387269895637,2.5257286443082556
1192967996290487,2023,3,21,3214,15,6.7,50.0,3.912023005428146,1.9021075263969205
1192967996290487,2023,3,21,3214,16,7.9,58.0,4.060443010546419,2.066862759472976
1192967996290487,2023,3,21,3214,17,15.7,63.0,4.143134726391533,2.7536607123542622
1192967996290487,2023,3,21,3214,19,10.1,57.0,4.04305126783455,2.312535423847214
1192967996290487,2023,3,21,3214,23,7.5,44.0,3.784189633918261,2.0149030205422647
1192967996290487,2023,3,21,3214,24,5.9,29.0,3.367295829986474,1.7749523509116738
464691560489998,2018,3,21,3215,2,3.2,31.0,3.4339872044851463,1.1631508098056809
464691560489998,2018,3,21,3215,4,13.5,75.0,4.31748811353631,2.6026896854443837
464691560489998,2018,3,21,3215,5,8.8,45.0,3.8066624897703196,2.174751721484161
464691560489998,2018,3,21,3215,8,11.6,78.0,4.356708826689592,2.451005098112319
464691560489998,2018,3,21,3215,9,11.0,63.0,4.143134726391533,2.3978952727983707
464691560489998,2018,3,21,3215,10,17.7,76.0,4.330733340286331,2.8735646395797834
464691560489998,2018,3,21,3215,11,18.0,75.0,4.31748811353631,2.8903717578961645
464691560489998,2018,3,21,3215,12,11.5,66.0,4.189654742026425,2.4423470353692043
464691560489998,2018,3,21,3215,13,12.7,74.0,4.30406509320417,2.5416019934645457
464691560489998,2018,3,21,3215,15,9.1,51.0,3.9318256327243257,2.2082744135228043
464691560489998,2018,3,21,3215,16,7.5,51.0,3.9318256327243257,2.0149030205422647
464691560489998,2018,3,21,3215,17,6.5,48.0,3.871201010907891,1.8718021769015913
464691560489998,2018,3,21,3215,18,12.4,75.0,4.31748811353631,2.517696472610991
464691560489998,2018,3,21,3215,20,8.2,52.0,3.9512437185814275,2.1041341542702074
511268799126144,2019,3,21,3515,7,2.3,14.0,2.6390573296152584,0.8329091229351039
511268799126144,2019,3,21,3515,10,2.3,14.0,2.6390573296152584,0.8329091229351039
511268799126144,2019,3,21,3515,12,9.1,60.0,4.0943445622221,2.2082744135228043
16365633020004,2013,3,21,3515,14,9.9,50.0,3.912023005428146,2.2925347571405443
1287180509290487,2024,3,25,24,2,2.7,17.0,2.833213344056216,0.9932517730102834
1287180509290487,2024,3,25,24,3,2.2,15.0,2.70805020110221,0.7884573603642703
1287180509290487,2024,3,25,24,4,3.5,19.0,2.9444389791664403,1.252762968495368
1287180509290487,2024,3,25,24,5,3.4,25.0,3.2188758248682006,1.2237754316221157
1287180509290487,2024,3,25,24,6,2.3,8.0,2.0794415416798357,0.8329091229351039
1287180509290487,2024,3,25,24,24,5.3,34.0,3.5263605246161616,1.667706820558076
1287180509290487,2024,3,25,24,25,5.1,36.0,3.58351893845611,1.62924053973028
1287180509290487,2024,3,25,24,26,1.9,12.0,2.4849066497880004,0.6418538861723947
1287180509290487,2024,3,25,24,27,7.7,32.0,3.4657359027997265,2.0412203288596382
1287180509290487,2024,3,25,24,28,5.5,35.0,3.5553480614894135,1.7047480922384253
1287180509290487,2024,3,25,24,29,6.3,37.0,3.6109179126442243,1.840549633397487
1287180509290487,2024,3,25,24,31,5.5,36.0,3.58351893845611,1.7047480922384253
1287180509290487,2024,3,25,24,33,5.8,33.0,3.4965075614664802,1.7578579175523736
1287180509290487,2024,3,25,24,34,5.0,32.0,3.4657359027997265,1.6094379124341003
1287180509290487,2024,3,25,24,35,5.0,35.0,3.5553480614894135,1.6094379124341003
1192967961290487,2023,3,25,43,15,7.5,44.0,3.784189633918261,2.0149030205422647
1192967961290487,2023,3,25,43,18,3.2,21.0,3.044522437723423,1.1631508098056809
306275571489998,2016,3,25,44,4,11.5,66.0,4.189654742026425,2.4423470353692043
1192967839290487,2023,3,25,44,13,7.0,39.0,3.6635616461296463,1.9459101490553132
1192967967290487,2023,3,25,55,10,5.6,20.0,2.995732273553991,1.7227665977411035
464691520489998,2018,3,25,64,19,5.7,41.0,3.713572066704308,1.7404661748405046
511267852126144,2019,3,25,169,7,10.7,46.0,3.828641396489095,2.3702437414678603
511267852126144,2019,3,25,169,8,7.0,35.0,3.5553480614894135,1.9459101490553132
122566796010661,2007,3,25,169,9,6.7,36.0,3.58351893845611,1.9021075263969205
511267852126144,2019,3,25,169,10,21.7,66.0,4.189654742026425,3.077312260546414
511267852126144,2019,3,25,169,11,14.1,54.0,3.9889840465642745,2.6461747973841225
122566796010661,2007,3,25,169,13,11.3,50.0,3.912023005428146,2.424802725718295
511267852126144,2019,3,25,169,14,12.0,51.0,3.9318256327243257,2.4849066497880004
511267852126144,2019,3,25,169,17,9.9,49.0,3.8918202981106265,2.2925347571405443
511267852126144,2019,3,25,169,18,2.4,19.0,2.9444389791664403,0.8754687373538999
122566796010661,2007,3,25,169,23,5.5,28.0,3.332204510175204,1.7047480922384253
511267852126144,2019,3,25,169,24,7.3,45.0,3.8066624897703196,1.9878743481543455
511267852126144,2019,3,25,169,25,5.4,36.0,3.58351893845611,1.6863989535702288
618642406126144,2020,3,25,253,15,8.6,39.0,3.6635616461296463,2.151762203259462
722577864290487,2021,3,25,295,2,13.4,67.0,4.204692619390966,2.5952547069568657
144987491010661,2009,3,25,295,5,5.7,39.0,3.6635616461296463,1.7404661748405046
722577864290487,2021,3,25,295,6,7.8,48.0,3.871201010907891,2.0541237336955462
722577864290487,2021,3,25,295,7,6.7,39.0,3.6635616461296463,1.9021075263969205
722577864290487,2021,3,25,295,8,8.5,56.0,4.02535169073515,2.1400661634962708
722577864290487,2021,3,25,295,9,9.7,57.0,4.04305126783455,2.272125885509337
722577864290487,2021,3,25,295,11,8.4,55.0,4.007333185232471,2.128231705849268
722577864290487,2021,3,25,295,12,6.9,43.0,3.7612001156935624,1.9315214116032138
722577864290487,2021,3,25,295,14,6.1,34.0,3.5263605246161616,1.8082887711792655
722577864290487,2021,3,25,295,15,8.0,51.0,3.9318256327243257,2.0794415416798357
722577864290487,2021,3,25,295,17,5.3,32.0,3.4657359027997265,1.667706820558076
55958710010538,2003,3,25,322,6,13.1,70.0,4.248495242049359,2.5726122302071057
169111951010661,2010,3,25,426,7,6.4,70.0,4.248495242049359,1.8562979903656263
306275691489998,2016,3,25,426,38,6.9,43.0,3.7612001156935624,1.9315214116032138
122566782010661,2007,3,25,463,1,8.8,55.0,4.007333185232471,2.174751721484161
122566782010661,2007,3,25,463,3,9.3,50.0,3.912023005428146,2.2300144001592104
122566782010661,2007,3,25,463,4,10.4,54.0,3.9889840465642745,2.341805806147327
122566782010661,2007,3,25,463,5,6.9,48.0,3.871201010907891,1.9315214116032138
122566782010661,2007,3,25,463,6,8.3,52.0,3.9512437185814275,2.1162555148025524
122566782010661,2007,3,25,463,7,11.8,53.0,3.970291913552122,2.468099531471619
122566782010661,2007,3,25,463,8,9.7,56.0,4.02535169073515,2.272125885509337
122566782010661,2007,3,25,463,10,11.2,54.0,3.9889840465642745,2.4159137783010487
122566782010661,2007,3,25,463,11,6.5,48.0,3.871201010907891,1.8718021769015913
122566782010661,2007,3,25,463,14,11.4,53.0,3.970291913552122,2.4336133554004498
122566782010661,2007,3,25,463,16,5.5,35.0,3.5553480614894135,1.7047480922384253
247064785010661,2012,3,25,480,1,13.5,57.0,4.04305126783455,2.6026896854443837
247064785010661,2012,3,25,480,6,14.4,68.0,4.219507705176107,2.667228206581955
247064785010661,2012,3,25,480,7,7.1,40.0,3.6888794541139363,1.9600947840472698
247064785010661,2012,3,25,480,10,9.7,44.0,3.784189633918261,2.272125885509337
247064785010661,2012,3,25,480,16,5.5,28.0,3.332204510175204,1.7047480922384253
247064785010661,2012,3,25,480,17,5.5,37.0,3.6109179126442243,1.7047480922384253
816546020290487,2022,3,25,534,3,2.8,25.0,3.2188758248682006,1.0296194171811581
816546020290487,2022,3,25,534,4,11.2,59.0,4.07753744390572,2.4159137783010487
816546020290487,2022,3,25,534,6,10.4,56.0,4.02535169073515,2.341805806147327
816546020290487,2022,3,25,534,9,7.2,50.0,3.912023005428146,1.9740810260220096
816546020290487,2022,3,25,534,11,7.5,55.0,4.007333185232471,2.0149030205422647
169111957010661,2010,3,25,534,14,5.5,24.0,3.1780538303479458,1.7047480922384253
816546020290487,2022,3,25,534,15,10.5,52.0,3.9512437185814275,2.3513752571634776
816546020290487,2022,3,25,534,16,11.8,64.0,4.1588830833596715,2.468099531471619
816546020290487,2022,3,25,534,19,7.2,47.0,3.8501476017100584,1.9740810260220096
816546020290487,2022,3,25,534,20,8.8,53.0,3.970291913552122,2.174751721484161
816546020290487,2022,3,25,534,21,9.8,51.0,3.9318256327243257,2.2823823856765264
816546020290487,2022,3,25,534,22,13.9,72.0,4.276666119016055,2.631888840136646
816546020290487,2022,3,25,534,23,12.9,62.0,4.127134385045092,2.5572273113676265
55973540010538,2004,3,25,542,4,10.1,63.0,4.143134726391533,2.312535423847214
55973540010538,2004,3,25,542,12,10.8,52.0,3.9512437185814275,2.379546134130174
16365613020004,2013,3,25,542,16,10.6,66.0,4.189654742026425,2.3608540011180215
618642542126144,2020,3,25,542,23,11.7,66.0,4.189654742026425,2.4595888418037104
618642542126144,2020,3,25,542,24,10.0,55.0,4.007333185232471,2.302585092994046
464691549489998,2018,3,25,574,1,2.1,14.0,2.6390573296152584,0.7419373447293773
464691549489998,2018,3,25,574,3,5.9,38.0,3.6375861597263857,1.7749523509116738
464691549489998,2018,3,25,574,4,6.3,46.0,3.828641396489095,1.840549633397487
464691549489998,2018,3,25,574,15,5.9,25.0,3.2188758248682006,1.7749523509116738
464691542489998,2018,3,25,581,2,5.5,35.0,3.5553480614894135,1.7047480922384253
464691542489998,2018,3,25,581,3,6.8,40.0,3.6888794541139363,1.916922612182061
464691542489998,2018,3,25,581,4,8.3,51.0,3.9318256327243257,2.1162555148025524
464691542489998,2018,3,25,581,10,14.7,61.0,4.110873864173311,2.6878474937846906
464691542489998,2018,3,25,581,12,7.1,38.0,3.6375861597263857,1.9600947840472698
464691542489998,2018,3,25,581,13,7.9,39.0,3.6635616461296463,2.066862759472976
464691542489998,2018,3,25,581,15,9.4,61.0,4.110873864173311,2.2407096892759584
122567302010661,2007,3,25,581,17,5.3,39.0,3.6635616461296463,1.667706820558076
464691542489998,2018,3,25,581,18,9.2,51.0,3.9318256327243257,2.2192034840549946
247064818010661,2012,3,25,581,30,5.9,46.0,3.828641396489095,1.7749523509116738
464691542489998,2018,3,25,581,32,2.6,13.0,2.5649493574615367,0.9555114450274363
722577865290487,2021,3,25,648,2,12.5,72.0,4.276666119016055,2.5257286443082556
722577865290487,2021,3,25,648,3,8.6,65.0,4.174387269895637,2.151762203259462
144987526010661,2009,3,25,648,6,6.2,55.0,4.007333185232471,1.824549292051046
464691431489998,2018,3,25,694,6,10.6,37.0,3.6109179126442243,2.3608540011180215
122566926010661,2007,3,25,694,9,5.7,23.0,3.1354942159291497,1.7404661748405046
222468936010661,2011,3,25,694,11,6.6,22.0,3.091042453358316,1.8870696490323797
464691431489998,2018,3,25,694,12,9.9,37.0,3.6109179126442243,2.2925347571405443
464691431489998,2018,3,25,694,15,12.0,37.0,3.6109179126442243,2.4849066497880004
464691431489998,2018,3,25,694,17,7.6,31.0,3.4339872044851463,2.028148247292285
222468936010661,2011,3,25,694,24,6.9,33.0,3.4965075614664802,1.9315214116032138
816546021290487,2022,3,25,796,10,15.3,59.0,4.07753744390572,2.72785282839839
816546021290487,2022,3,25,796,11,13.9,48.0,3.871201010907891,2.631888840136646
1192967960290487,2023,3,25,831,9,6.9,48.0,3.871201010907891,1.9315214116032138
1192967960290487,2023,3,25,831,10,3.4,22.0,3.091042453358316,1.2237754316221157
1192967960290487,2023,3,25,831,11,4.5,28.0,3.332204510175204,1.5040773967762742
1192967960290487,2023,3,25,831,14,6.9,36.0,3.58351893845611,1.9315214116032138
1192967960290487,2023,3,25,831,15,7.0,40.0,3.6888794541139363,1.9459101490553132
1192967960290487,2023,3,25,831,16,7.2,44.0,3.784189633918261,1.9740810260220096
1192967960290487,2023,3,25,831,18,7.2,40.0,3.6888794541139363,1.9740810260220096
1192967960290487,2023,3,25,831,19,5.4,34.0,3.5263605246161616,1.6863989535702288
375519223489998,2017,3,25,926,15,18.2,74.0,4.30406509320417,2.9014215940827497
1287180479290487,2024,3,25,926,21,6.6,45.0,3.8066624897703196,1.8870696490323797
1287180479290487,2024,3,25,926,23,6.9,49.0,3.8918202981106265,1.9315214116032138
1287180479290487,2024,3,25,926,24,5.4,42.0,3.7376696182833684,1.6863989535702288
1287180479290487,2024,3,25,926,45,7.2,44.0,3.784189633918261,1.9740810260220096
1287180479290487,2024,3,25,926,46,1.7,9.0,2.1972245773362196,0.5306282510621704
62284581010538,2005,3,25,960,4,5.0,37.0,3.6109179126442243,1.6094379124341003
722577870290487,2021,3,25,960,5,11.4,68.0,4.219507705176107,2.4336133554004498
722577870290487,2021,3,25,960,6,8.2,54.0,3.9889840465642745,2.1041341542702074
171871784020004,2014,3,25,960,7,5.5,42.0,3.7376696182833684,1.7047480922384253
722577870290487,2021,3,25,960,8,8.5,61.0,4.110873864173311,2.1400661634962708
722577870290487,2021,3,25,960,9,5.8,37.0,3.6109179126442243,1.7578579175523736
722577870290487,2021,3,25,960,13,5.2,35.0,3.5553480614894135,1.6486586255873816
722577870290487,2021,3,25,960,14,15.3,72.0,4.276666119016055,2.72785282839839
171871775020004,2014,3,25,1030,5,13.1,70.0,4.248495242049359,2.5726122302071057
55973233010538,2004,3,25,1030,9,12.9,65.0,4.174387269895637,2.5572273113676265
618642405126144,2020,3,25,1033,6,7.5,44.0,3.784189633918261,2.0149030205422647
816546018290487,2022,3,25,1121,3,6.3,48.0,3.871201010907891,1.840549633397487
816546018290487,2022,3,25,1121,4,12.9,74.0,4.30406509320417,2.5572273113676265
816546018290487,2022,3,25,1121,6,13.4,74.0,4.30406509320417,2.5952547069568657
816546018290487,2022,3,25,1121,7,11.0,69.0,4.23410650459726,2.3978952727983707
816546018290487,2022,3,25,1121,8,9.1,50.0,3.912023005428146,2.2082744135228043
816546018290487,2022,3,25,1121,11,7.2,54.0,3.9889840465642745,1.9740810260220096
816546018290487,2022,3,25,1121,15,3.9,30.0,3.4011973816621555,1.3609765531356006
816546018290487,2022,3,25,1121,31,5.4,36.0,3.58351893845611,1.6863989535702288
816546018290487,2022,3,25,1121,34,1.7,14.0,2.6390573296152584,0.5306282510621704
375519228489998,2017,3,25,1140,4,18.9,75.0,4.31748811353631,2.9391619220655967
1287180486290487,2024,3,25,1186,1,7.4,55.0,4.007333185232471,2.0014800002101243
73602776010538,2006,3,25,1186,2,5.9,45.0,3.8066624897703196,1.7749523509116738
1287180486290487,2024,3,25,1186,3,14.7,86.0,4.454347296253507,2.6878474937846906
1287180486290487,2024,3,25,1186,4,8.6,63.0,4.143134726391533,2.151762203259462
1287180486290487,2024,3,25,1186,6,11.6,76.0,4.330733340286331,2.451005098112319
1287180486290487,2024,3,25,1186,7,12.6,81.0,4.394449154672439,2.533696813957432
1287180486290487,2024,3,25,1186,8,10.0,62.0,4.127134385045092,2.302585092994046
1287180486290487,2024,3,25,1186,9,6.2,58.0,4.060443010546419,1.824549292051046
1287180486290487,2024,3,25,1186,10,14.9,80.0,4.382026634673881,2.7013612129514133
1287180486290487,2024,3,25,1186,13,12.2,77.0,4.343805421853684,2.501435951739211
1287180486290487,2024,3,25,1186,15,9.1,60.0,4.0943445622221,2.2082744135228043
1287180486290487,2024,3,25,1186,16,5.9,47.0,3.8501476017100584,1.7749523509116738
1287180486290487,2024,3,25,1186,17,7.5,63.0,4.143134726391533,2.0149030205422647
1287180486290487,2024,3,25,1186,20,8.1,56.0,4.02535169073515,2.0918640616783932
1287180486290487,2024,3,25,1186,21,13.5,72.0,4.276666119016055,2.6026896854443837
222469018010661,2011,3,25,1186,23,5.0,30.0,3.4011973816621555,1.6094379124341003
375519230489998,2017,3,25,1186,24,8.4,44.0,3.784189633918261,2.128231705849268
1287180486290487,2024,3,25,1186,26,11.3,70.0,4.248495242049359,2.424802725718295
375519230489998,2017,3,25,1186,27,5.0,26.0,3.258096538021482,1.6094379124341003
1287180486290487,2024,3,25,1186,29,14.8,84.0,4.430816798843313,2.6946271807700692
1287180486290487,2024,3,25,1186,31,18.6,89.0,4.48863636973214,2.9231615807191558
375519230489998,2017,3,25,1186,40,1.3,10.0,2.302585092994046,0.26236426446749106
62284860010538,2005,3,25,1262,4,7.0,32.0,3.4657359027997265,1.9459101490553132
62284860010538,2005,3,25,1262,5,7.1,44.0,3.784189633918261,1.9600947840472698
722577894290487,2021,3,25,1262,8,7.9,47.0,3.8501476017100584,2.066862759472976
722577894290487,2021,3,25,1262,9,10.4,51.0,3.9318256327243257,2.341805806147327
722577894290487,2021,3,25,1262,10,10.0,56.0,4.02535169073515,2.302585092994046
722577894290487,2021,3,25,1262,11,8.0,42.0,3.7376696182833684,2.0794415416798357
722577894290487,2021,3,25,1262,12,6.9,44.0,3.784189633918261,1.9315214116032138
722577894290487,2021,3,25,1262,13,5.5,26.0,3.258096538021482,1.7047480922384253
722577894290487,2021,3,25,1262,17,20.1,76.0,4.330733340286331,3.0007198150650303
722577894290487,2021,3,25,1262,20,7.0,42.0,3.7376696182833684,1.9459101490553132
722577894290487,2021,3,25,1262,21,6.7,42.0,3.7376696182833684,1.9021075263969205
722577894290487,2021,3,25,1262,22,6.1,38.0,3.6375861597263857,1.8082887711792655
722577894290487,2021,3,25,1262,23,6.4,38.0,3.6375861597263857,1.8562979903656263
722577894290487,2021,3,25,1262,28,5.0,36.0,3.58351893845611,1.6094379124341003
722577863290487,2021,3,25,1277,1,14.0,85.0,4.442651256490317,2.6390573296152584
144987455010661,2009,3,25,1277,5,10.5,62.0,4.127134385045092,2.3513752571634776
722577863290487,2021,3,25,1277,9,12.2,75.0,4.31748811353631,2.501435951739211
722577863290487,2021,3,25,1277,11,12.3,81.0,4.394449154672439,2.509599262378372
16365577020004,2013,3,25,1294,17,5.2,42.0,3.7376696182833684,1.6486586255873816
16365577020004,2013,3,25,1294,33,5.5,29.0,3.367295829986474,1.7047480922384253
464691537489998,2018,3,25,1340,2,6.5,37.0,3.6109179126442243,1.8718021769015913
464691537489998,2018,3,25,1340,3,8.9,49.0,3.8918202981106265,2.186051276738094
464691537489998,2018,3,25,1340,5,9.5,48.0,3.871201010907891,2.2512917986064953
464691537489998,2018,3,25,1340,6,8.4,51.0,3.9318256327243257,2.128231705849268
464691537489998,2018,3,25,1340,7,1.9,16.0,2.772588722239781,0.6418538861723947
464691537489998,2018,3,25,1340,8,2.2,18.0,2.8903717578961645,0.7884573603642703
464691537489998,2018,3,25,1340,11,10.2,46.0,3.828641396489095,2.322387720290225
247064812010661,2012,3,25,1340,13,12.8,53.0,3.970291913552122,2.5494451709255714
464691537489998,2018,3,25,1340,17,3.7,31.0,3.4339872044851463,1.308332819650179
464691537489998,2018,3,25,1340,19,6.3,46.0,3.828641396489095,1.840549633397487
464691537489998,2018,3,25,1340,20,4.8,31.0,3.4339872044851463,1.5686159179138452
464691537489998,2018,3,25,1340,21,5.6,33.0,3.4965075614664802,1.7227665977411035
464691537489998,2018,3,25,1340,23,5.9,41.0,3.713572066704308,1.7749523509116738
464691537489998,2018,3,25,1340,24,6.7,39.0,3.6635616461296463,1.9021075263969205
464691537489998,2018,3,25,1340,25,6.6,42.0,3.7376696182833684,1.8870696490323797
464691537489998,2018,3,25,1340,26,6.6,41.0,3.713572066704308,1.8870696490323797
464691537489998,2018,3,25,1340,29,6.2,36.0,3.58351893845611,1.824549292051046
464691537489998,2018,3,25,1340,30,7.5,38.0,3.6375861597263857,2.0149030205422647
464691537489998,2018,3,25,1340,31,7.6,39.0,3.6635616461296463,2.028148247292285
464691537489998,2018,3,25,1340,32,7.6,43.0,3.7612001156935624,2.028148247292285
464691537489998,2018,3,25,1340,33,5.7,36.0,3.58351893845611,1.7404661748405046
464691537489998,2018,3,25,1340,34,6.2,38.0,3.6375861597263857,1.824549292051046
464691537489998,2018,3,25,1340,35,5.7,34.0,3.5263605246161616,1.7404661748405046
464691537489998,2018,3,25,1340,36,6.3,36.0,3.58351893845611,1.840549633397487
464691537489998,2018,3,25,1340,38,5.5,29.0,3.367295829986474,1.7047480922384253
464691537489998,2018,3,25,1340,39,5.4,33.0,3.4965075614664802,1.6863989535702288
464691537489998,2018,3,25,1340,40,5.1,37.0,3.6109179126442243,1.62924053973028
122566794010661,2007,3,25,1438,1,5.4,30.0,3.4011973816621555,1.6863989535702288
122566794010661,2007,3,25,1438,3,8.7,57.0,4.04305126783455,2.163323025660538
122566794010661,2007,3,25,1438,4,7.5,54.0,3.9889840465642745,2.0149030205422647
247064781010661,2012,3,25,1438,6,7.7,58.0,4.060443010546419,2.0412203288596382
511267851126144,2019,3,25,1438,8,10.6,60.0,4.0943445622221,2.3608540011180215
618642537126144,2020,3,25,2311,1,2.8,18.0,2.8903717578961645,1.0296194171811581
618642537126144,2020,3,25,2311,2,1.6,10.0,2.302585092994046,0.47000362924573563
618642537126144,2020,3,25,2311,3,6.0,35.0,3.5553480614894135,1.791759469228055
618642537126144,2020,3,25,2311,4,9.6,54.0,3.9889840465642745,2.2617630984737906
618642537126144,2020,3,25,2311,5,5.5,37.0,3.6109179126442243,1.7047480922384253
618642537126144,2020,3,25,2311,6,12.2,59.0,4.07753744390572,2.501435951739211
618642537126144,2020,3,25,2311,9,7.1,50.0,3.912023005428146,1.9600947840472698
618642537126144,2020,3,25,2311,11,8.4,50.0,3.912023005428146,2.128231705849268
816546069290487,2022,3,25,3322,1,6.9,52.0,3.9512437185814275,1.9315214116032138
816546069290487,2022,3,25,3322,2,3.9,25.0,3.2188758248682006,1.3609765531356006
816546069290487,2022,3,25,3322,3,2.0,12.0,2.4849066497880004,0.6931471805599453
816546069290487,2022,3,25,3322,4,9.5,58.0,4.060443010546419,2.2512917986064953
816546069290487,2022,3,25,3322,5,15.9,75.0,4.31748811353631,2.766319109226186
816546069290487,2022,3,25,3322,7,6.7,44.0,3.784189633918261,1.9021075263969205
816546069290487,2022,3,25,3322,9,9.2,35.0,3.5553480614894135,2.2192034840549946
816546069290487,2022,3,25,3322,11,7.8,37.0,3.6109179126442243,2.0541237336955462
816546069290487,2022,3,25,3322,12,7.5,51.0,3.9318256327243257,2.0149030205422647
816546069290487,2022,3,25,3322,13,8.0,51.0,3.9318256327243257,2.0794415416798357
816546069290487,2022,3,25,3322,14,7.9,54.0,3.9889840465642745,2.066862759472976
816546069290487,2022,3,25,3322,16,8.7,47.0,3.8501476017100584,2.163323025660538
816546069290487,2022,3,25,3322,19,9.9,50.0,3.912023005428146,2.2925347571405443
816546069290487,2022,3,25,3322,21,9.4,56.0,4.02535169073515,2.2407096892759584
816546069290487,2022,3,25,3322,22,5.0,35.0,3.5553480614894135,1.6094379124341003
816546069290487,2022,3,25,3322,26,10.8,57.0,4.04305126783455,2.379546134130174
816546069290487,2022,3,25,3322,27,7.1,52.0,3.9512437185814275,1.9600947840472698
816546069290487,2022,3,25,3322,28,8.2,52.0,3.9512437185814275,2.1041341542702074
816546069290487,2022,3,25,3322,30,7.1,45.0,3.8066624897703196,1.9600947840472698
816546065290487,2022,3,25,3337,1,3.4,16.0,2.772588722239781,1.2237754316221157
816546065290487,2022,3,25,3337,3,17.0,75.0,4.31748811353631,2.833213344056216
1287180628290487,2024,3,25,3338,2,11.0,50.0,3.912023005428146,2.3978952727983707
1287180628290487,2024,3,25,3338,3,7.0,44.0,3.784189633918261,1.9459101490553132
1287180628290487,2024,3,25,3338,10,10.0,51.0,3.9318256327243257,2.302585092994046
1287180628290487,2024,3,25,3338,14,11.7,62.0,4.127134385045092,2.4595888418037104
1287180628290487,2024,3,25,3338,16,11.3,64.0,4.1588830833596715,2.424802725718295
1287180628290487,2024,3,25,3338,17,6.2,35.0,3.5553480614894135,1.824549292051046
1287180628290487,2024,3,25,3338,20,6.6,35.0,3.5553480614894135,1.8870696490323797
1287180628290487,2024,3,25,3338,22,8.1,46.0,3.828641396489095,2.0918640616783932
1287180628290487,2024,3,25,3338,24,5.9,37.0,3.6109179126442243,1.7749523509116738
1287180628290487,2024,3,25,3338,26,8.9,66.0,4.189654742026425,2.186051276738094
1287180628290487,2024,3,25,3338,29,5.1,37.0,3.6109179126442243,1.62924053973028
375519212489998,2017,3,27,16,2,11.1,55.0,4.007333185232471,2.4069451083182885
1287180468290487,2024,3,27,16,3,10.5,55.0,4.007333185232471,2.3513752571634776
1287180468290487,2024,3,27,16,4,13.4,68.0,4.219507705176107,2.5952547069568657
1287180468290487,2024,3,27,16,5,8.8,58.0,4.060443010546419,2.174751721484161
1287180468290487,2024,3,27,16,6,9.4,63.0,4.143134726391533,2.2407096892759584
1287180468290487,2024,3,27,16,7,6.5,38.0,3.6375861597263857,1.8718021769015913
222468994010661,2011,3,27,16,9,6.7,49.0,3.8918202981106265,1.9021075263969205
1287180468290487,2024,3,27,16,11,9.9,60.0,4.0943445622221,2.2925347571405443
1287180468290487,2024,3,27,16,12,10.3,60.0,4.0943445622221,2.33214389523559
1287180468290487,2024,3,27,16,14,7.1,57.0,4.04305126783455,1.9600947840472698
375519212489998,2017,3,27,16,21,1.1,8.0,2.0794415416798357,0.09531017980432493
1287180468290487,2024,3,27,16,31,4.5,19.0,2.9444389791664403,1.5040773967762742
464691529489998,2018,3,27,149,6,6.0,34.0,3.5263605246161616,1.791759469228055
250845383489998,2015,3,27,159,5,14.5,63.0,4.143134726391533,2.6741486494265287
618642436126144,2020,3,27,283,2,9.4,48.0,3.871201010907891,2.2407096892759584
16365404020004,2013,3,27,283,5,6.5,37.0,3.6109179126442243,1.8718021769015913
618642436126144,2020,3,27,283,7,9.5,58.0,4.060443010546419,2.2512917986064953
722577872290487,2021,3,27,290,5,16.5,83.0,4.418840607796598,2.803360380906535
144987064010661,2009,3,27,290,11,12.2,68.0,4.219507705176107,2.501435951739211
222469056010661,2011,3,27,372,5,10.1,64.0,4.1588830833596715,2.312535423847214
1287180495290487,2024,3,27,372,6,9.7,58.0,4.060443010546419,2.272125885509337
375519239489998,2017,3,27,372,7,12.7,61.0,4.110873864173311,2.5416019934645457
1287180495290487,2024,3,27,372,13,1.2,8.0,2.0794415416798357,0.1823215567939546
1287180495290487,2024,3,27,372,19,3.6,15.0,2.70805020110221,1.2809338454620642
375519239489998,2017,3,27,372,22,2.0,14.0,2.6390573296152584,0.6931471805599453
1287180495290487,2024,3,27,372,26,14.2,70.0,4.248495242049359,2.653241964607215
16365607020004,2013,3,27,450,1,7.4,39.0,3.6635616461296463,2.0014800002101243
16365607020004,2013,3,27,450,2,16.8,67.0,4.204692619390966,2.8213788864092133
618642434126144,2020,3,27,467,8,7.7,39.0,3.6635616461296463,2.0412203288596382
618642434126144,2020,3,27,467,11,8.0,46.0,3.828641396489095,2.0794415416798357
464691428489998,2018,3,27,566,1,2.9,17.0,2.833213344056216,1.0647107369924282
464691428489998,2018,3,27,566,2,6.4,30.0,3.4011973816621555,1.8562979903656263
464691428489998,2018,3,27,566,3,7.0,45.0,3.8066624897703196,1.9459101490553132
464691428489998,2018,3,27,566,4,1.6,10.0,2.302585092994046,0.47000362924573563
464691428489998,2018,3,27,566,5,1.4,11.0,2.3978952727983707,0.3364722366212129
464691428489998,2018,3,27,566,10,1.8,9.0,2.1972245773362196,0.5877866649021191
122566912010661,2007,3,27,566,14,9.2,56.0,4.02535169073515,2.2192034840549946
122566912010661,2007,3,27,566,16,10.8,58.0,4.060443010546419,2.379546134130174
816546002290487,2022,3,27,749,13,2.4,14.0,2.6390573296152584,0.8754687373538999
722577776290487,2021,3,27,751,1,7.4,50.0,3.912023005428146,2.0014800002101243
722577776290487,2021,3,27,751,4,8.6,50.0,3.912023005428146,2.151762203259462
144988369010661,2009,3,27,751,11,8.4,49.0,3.8918202981106265,2.128231705849268
618642439126144,2020,3,27,791,5,6.4,33.0,3.4965075614664802,1.8562979903656263
618642439126144,2020,3,27,791,6,12.4,73.0,4.290459441148391,2.517696472610991
618642439126144,2020,3,27,791,7,7.7,53.0,3.970291913552122,2.0412203288596382
618642439126144,2020,3,27,791,24,13.1,71.0,4.2626798770413155,2.5726122302071057
618642439126144,2020,3,27,791,35,5.8,23.0,3.1354942159291497,1.7578579175523736
816546000290487,2022,3,27,812,3,11.1,73.0,4.290459441148391,2.4069451083182885
169112031010661,2010,3,27,812,4,5.2,57.0,4.04305126783455,1.6486586255873816
62286246010538,2005,3,27,812,13,7.0,50.0,3.912023005428146,1.9459101490553132
250845362489998,2015,3,27,812,17,5.4,55.0,4.007333185232471,1.6863989535702288
169112031010661,2010,3,27,812,20,6.9,51.0,3.9318256327243257,1.9315214116032138
816546000290487,2022,3,27,812,21,11.1,73.0,4.290459441148391,2.4069451083182885
169112039010661,2010,3,27,843,1,6.2,29.0,3.367295829986474,1.824549292051046
169112039010661,2010,3,27,843,2,7.1,37.0,3.6109179126442243,1.9600947840472698
169112039010661,2010,3,27,843,3,13.1,70.0,4.248495242049359,2.5726122302071057
169112039010661,2010,3,27,843,6,9.5,55.0,4.007333185232471,2.2512917986064953
169112039010661,2010,3,27,843,7,9.3,57.0,4.04305126783455,2.2300144001592104
169112039010661,2010,3,27,843,8,6.5,53.0,3.970291913552122,1.8718021769015913
169112039010661,2010,3,27,843,9,11.6,62.0,4.127134385045092,2.451005098112319
169112039010661,2010,3,27,843,10,6.6,46.0,3.828641396489095,1.8870696490323797
169112039010661,2010,3,27,843,13,6.1,29.0,3.367295829986474,1.8082887711792655
169112039010661,2010,3,27,843,23,7.0,46.0,3.828641396489095,1.9459101490553132
169112039010661,2010,3,27,843,25,7.2,46.0,3.828641396489095,1.9740810260220096
169112039010661,2010,3,27,843,30,5.6,43.0,3.7612001156935624,1.7227665977411035
464691544489998,2018,3,27,989,6,1.5,15.0,2.70805020110221,0.4054651081081644
464691544489998,2018,3,27,989,9,7.2,45.0,3.8066624897703196,1.9740810260220096
464691544489998,2018,3,27,989,10,5.8,35.0,3.5553480614894135,1.7578579175523736
247064827010661,2012,3,27,989,12,7.8,33.0,3.4965075614664802,2.0541237336955462
464691544489998,2018,3,27,989,15,8.2,45.0,3.8066624897703196,2.1041341542702074
247064827010661,2012,3,27,989,17,7.7,37.0,3.6109179126442243,2.0412203288596382
247064827010661,2012,3,27,989,18,7.1,39.0,3.6635616461296463,1.9600947840472698
247064827010661,2012,3,27,989,22,10.0,43.0,3.7612001156935624,2.302585092994046
247064827010661,2012,3,27,989,23,5.0,36.0,3.58351893845611,1.6094379124341003
464691544489998,2018,3,27,989,24,5.4,38.0,3.6375861597263857,1.6863989535702288
464691544489998,2018,3,27,989,25,5.5,37.0,3.6109179126442243,1.7047480922384253
464691544489998,2018,3,27,989,26,5.1,37.0,3.6109179126442243,1.62924053973028
62286163010538,2005,3,27,1038,3,5.7,36.0,3.58351893845611,1.7404661748405046
62286163010538,2005,3,27,1038,9,6.9,54.0,3.9889840465642745,1.9315214116032138
722577843290487,2021,3,27,1038,11,6.8,64.0,4.1588830833596715,1.916922612182061
62286163010538,2005,3,27,1038,12,7.1,44.0,3.784189633918261,1.9600947840472698
250845323489998,2015,3,27,1064,1,13.2,62.0,4.127134385045092,2.580216829592325
816545931290487,2022,3,27,1064,4,2.3,13.0,2.5649493574615367,0.8329091229351039
816545931290487,2022,3,27,1064,6,6.3,30.0,3.4011973816621555,1.840549633397487
816545931290487,2022,3,27,1064,7,6.2,31.0,3.4339872044851463,1.824549292051046
816545931290487,2022,3,27,1064,8,13.1,68.0,4.219507705176107,2.5726122302071057
816545931290487,2022,3,27,1064,11,5.4,23.0,3.1354942159291497,1.6863989535702288
816545931290487,2022,3,27,1064,12,12.3,63.0,4.143134726391533,2.509599262378372
816545931290487,2022,3,27,1064,13,8.3,45.0,3.8066624897703196,2.1162555148025524
169112053010661,2010,3,27,1064,14,1.8,13.0,2.5649493574615367,0.5877866649021191
816545931290487,2022,3,27,1064,16,11.0,45.0,3.8066624897703196,2.3978952727983707
816545931290487,2022,3,27,1064,19,1.2,10.0,2.302585092994046,0.1823215567939546
816545931290487,2022,3,27,1064,22,3.6,25.0,3.2188758248682006,1.2809338454620642
816545931290487,2022,3,27,1064,25,2.1,14.0,2.6390573296152584,0.7419373447293773
464691503489998,2018,3,27,1092,17,6.4,38.0,3.6375861597263857,1.8562979903656263
722577873290487,2021,3,27,1114,7,10.3,43.0,3.7612001156935624,2.33214389523559
73607738010538,2006,3,27,1226,21,6.7,35.0,3.5553480614894135,1.9021075263969205
1192967981290487,2023,3,27,1226,25,2.0,10.0,2.302585092994046,0.6931471805599453
618642437126144,2020,3,27,1310,1,7.9,59.0,4.07753744390572,2.066862759472976
618642437126144,2020,3,27,1310,2,9.5,62.0,4.127134385045092,2.2512917986064953
618642437126144,2020,3,27,1310,3,8.6,40.0,3.6888794541139363,2.151762203259462
618642437126144,2020,3,27,1310,8,7.1,42.0,3.7376696182833684,1.9600947840472698
618642437126144,2020,3,27,1310,9,6.1,52.0,3.9512437185814275,1.8082887711792655
16365556020004,2013,3,27,1310,10,6.0,48.0,3.871201010907891,1.791759469228055
16365556020004,2013,3,27,1310,11,10.3,46.0,3.828641396489095,2.33214389523559
722577842290487,2021,3,27,1328,1,3.9,21.0,3.044522437723423,1.3609765531356006
722577842290487,2021,3,27,1328,2,12.2,57.0,4.04305126783455,2.501435951739211
722577842290487,2021,3,27,1328,3,7.6,59.0,4.07753744390572,2.028148247292285
722577842290487,2021,3,27,1328,4,7.0,51.0,3.9318256327243257,1.9459101490553132
722577842290487,2021,3,27,1328,6,14.7,73.0,4.290459441148391,2.6878474937846906
722577842290487,2021,3,27,1328,7,6.0,36.0,3.58351893845611,1.791759469228055
722577842290487,2021,3,27,1328,10,8.5,59.0,4.07753744390572,2.1400661634962708
722577842290487,2021,3,27,1328,11,10.1,65.0,4.174387269895637,2.312535423847214
722577842290487,2021,3,27,1328,14,9.8,60.0,4.0943445622221,2.2823823856765264
511267881126144,2019,3,27,1417,1,6.7,46.0,3.828641396489095,1.9021075263969205
511267881126144,2019,3,27,1417,2,12.8,53.0,3.970291913552122,2.5494451709255714
511267881126144,2019,3,27,1417,7,7.1,44.0,3.784189633918261,1.9600947840472698
511267881126144,2019,3,27,1417,14,6.9,58.0,4.060443010546419,1.9315214116032138
464691505489998,2018,3,27,1448,3,5.7,32.0,3.4657359027997265,1.7404661748405046
816546003290487,2022,3,27,1473,1,7.7,52.0,3.9512437185814275,2.0412203288596382
816546003290487,2022,3,27,1473,2,7.9,50.0,3.912023005428146,2.066862759472976
816546003290487,2022,3,27,1473,3,7.0,38.0,3.6375861597263857,1.9459101490553132
816546003290487,2022,3,27,1473,5,9.8,49.0,3.8918202981106265,2.2823823856765264
816546003290487,2022,3,27,1473,6,13.3,56.0,4.02535169073515,2.5877640352277083
816546003290487,2022,3,27,1473,7,10.7,55.0,4.007333185232471,2.3702437414678603
816546003290487,2022,3,27,1473,8,6.9,52.0,3.9512437185814275,1.9315214116032138
816546003290487,2022,3,27,1473,9,7.2,43.0,3.7612001156935624,1.9740810260220096
816546003290487,2022,3,27,1473,10,15.6,75.0,4.31748811353631,2.747270914255491
816546003290487,2022,3,27,1473,11,5.5,40.0,3.6888794541139363,1.7047480922384253
816546003290487,2022,3,27,1473,12,6.8,48.0,3.871201010907891,1.916922612182061
816546003290487,2022,3,27,1473,13,5.8,37.0,3.6109179126442243,1.7578579175523736
816546003290487,2022,3,27,1473,14,5.2,43.0,3.7612001156935624,1.6486586255873816
816546003290487,2022,3,27,1473,15,9.5,60.0,4.0943445622221,2.2512917986064953
816546003290487,2022,3,27,1473,26,13.4,67.0,4.204692619390966,2.5952547069568657
816546003290487,2022,3,27,1473,27,6.7,36.0,3.58351893845611,1.9021075263969205
816546003290487,2022,3,27,1473,29,7.2,52.0,3.9512437185814275,1.9740810260220096
816546003290487,2022,3,27,1473,31,7.2,40.0,3.6888794541139363,1.9740810260220096
816546003290487,2022,3,27,1473,33,8.5,56.0,4.02535169073515,2.1400661634962708
816546003290487,2022,3,27,1473,37,8.0,49.0,3.8918202981106265,2.0794415416798357
816546003290487,2022,3,27,1473,39,4.3,30.0,3.4011973816621555,1.4586150226995167
816546003290487,2022,3,27,1473,41,5.2,38.0,3.6375861597263857,1.6486586255873816
306275722489998,2016,3,27,2357,3,2.4,15.0,2.70805020110221,0.8754687373538999
306275722489998,2016,3,27,2357,5,3.3,15.0,2.70805020110221,1.1939224684724346
306275722489998,2016,3,27,2357,6,1.1,8.0,2.0794415416798357,0.09531017980432493
1192967990290487,2023,3,27,2357,11,9.2,45.0,3.8066624897703196,2.2192034840549946
1192967990290487,2023,3,27,2357,13,11.8,55.0,4.007333185232471,2.468099531471619
1192967990290487,2023,3,27,2357,20,19.3,68.0,4.219507705176107,2.9601050959108397
722577910290487,2021,3,27,3465,2,3.9,37.0,3.6109179126442243,1.3609765531356006
722577910290487,2021,3,27,3465,3,2.1,13.0,2.5649493574615367,0.7419373447293773
722577910290487,2021,3,27,3465,4,2.0,17.0,2.833213344056216,0.6931471805599453
722577910290487,2021,3,27,3465,6,4.0,36.0,3.58351893845611,1.3862943611198906
722577910290487,2021,3,27,3465,9,2.7,31.0,3.4339872044851463,0.9932517730102834
722577910290487,2021,3,27,3465,11,4.5,39.0,3.6635616461296463,1.5040773967762742
722577910290487,2021,3,27,3465,17,6.4,45.0,3.8066624897703196,1.8562979903656263
722577910290487,2021,3,27,3465,24,5.6,44.0,3.784189633918261,1.7227665977411035
722577910290487,2021,3,27,3465,26,5.9,42.0,3.7376696182833684,1.7749523509116738
722577910290487,2021,3,27,3465,27,7.2,58.0,4.060443010546419,1.9740810260220096
722577910290487,2021,3,27,3465,31,6.6,47.0,3.8501476017100584,1.8870696490323797
722577910290487,2021,3,27,3465,38,5.1,45.0,3.8066624897703196,1.62924053973028
